Date,GPR_REAL,GPR_REAL_MiddleEast,GPR_REAL_Russia,GPR_REAL_Venezuela,GPR_REAL_USA,GPR_REAL_Americas,GPR_REAL_Africa,GPR_REAL_Asia,GPR_REAL_NorthSea
2020-01-01,138.421,0.803,1.178,0.141,3.622,0.073,0.099,0.447,0.863
2020-02-01,75.956,0.178,0.66,0.111,1.516,0.061,0.067,0.317,0.461
2020-03-01,81.54,0.081,0.428,0.107,1.71,0.094,0.046,0.241,0.453
2020-04-01,69.339,0.135,0.353,0.051,1.532,0.08,0.032,0.221,0.327
2020-05-01,68.507,0.081,0.293,0.158,1.708,0.09,0.035,0.27,0.302
2020-06-01,71.228,0.06,0.489,0.069,1.652,0.061,0.069,0.275,0.362
2020-07-01,66.473,0.095,0.401,0.032,1.539,0.033,0.044,0.327,0.356
2020-08-01,65.466,0.129,0.512,0.062,1.456,0.053,0.043,0.237,0.296
2020-09-01,80.377,0.103,0.932,0.081,1.698,0.041,0.06,0.3,0.374
2020-10-01,76.083,0.114,0.852,0.025,1.662,0.042,0.035,0.219,0.344
2020-11-01,70.067,0.138,0.454,0.064,1.312,0.055,0.075,0.144,0.34
2020-12-01,64.067,0.222,0.576,0.09,1.435,0.042,0.058,0.211,0.241
2021-01-01,77.419,0.199,0.593,0.093,1.902,0.075,0.068,0.264,0.285
2021-02-01,73.957,0.198,0.512,0.024,1.575,0.034,0.031,0.272,0.401
2021-03-01,78.619,0.227,0.633,0.044,1.76,0.045,0.061,0.304,0.386
2021-04-01,88.166,0.084,1.197,0.033,1.979,0.038,0.043,0.282,0.419
2021-05-01,93.007,0.091,0.827,0.018,2.017,0.031,0.132,0.247,0.52
2021-06-01,74.127,0.102,0.831,0.023,1.699,0.027,0.062,0.249,0.378
2021-07-01,58.421,0.063,0.488,0.045,1.25,0.032,0.042,0.178,0.289
2021-08-01,89.487,0.063,0.685,0.068,2.148,0.043,0.055,0.206,0.521
2021-09-01,80.697,0.103,0.604,0.037,1.919,0.059,0.031,0.293,0.543
2021-10-01,79.029,0.103,0.547,0.027,1.644,0.028,0.052,0.261,0.394
2021-11-01,86.569,0.128,1.213,0.047,1.862,0.033,0.055,0.273,0.533
2021-12-01,105.345,0.148,1.723,0.054,2.478,0.036,0.038,0.301,0.652
2022-01-01,138.675,0.218,2.778,0.092,3.316,0.078,0.042,0.273,0.938
2022-02-01,216.159,0.176,5.396,0.035,4.878,0.069,0.049,0.537,1.571
2022-03-01,318.955,0.457,8.801,0.246,6.899,0.125,0.12,0.879,2.193
2022-04-01,191.143,0.128,4.829,0.047,3.966,0.08,0.074,0.397,1.266
2022-05-01,142.258,0.051,3.192,0.057,3.146,0.055,0.074,0.373,0.886
2022-06-01,130.707,0.188,3.026,0.065,2.879,0.06,0.084,0.322,0.845
2022-07-01,117.177,0.418,2.695,0.035,2.585,0.046,0.083,0.31,0.613
2022-08-01,132.863,0.124,2.416,0.041,3.132,0.05,0.101,0.458,0.619
2022-09-01,131.986,0.112,3.022,0.053,2.928,0.054,0.035,0.401,0.792
2022-10-01,143.162,0.369,3.385,0.114,3.402,0.074,0.036,0.417,0.699
2022-11-01,116.716,0.165,2.463,0.029,2.697,0.053,0.108,0.509,0.624
2022-12-01,111.196,0.161,2.281,0.062,2.554,0.059,0.031,0.324,0.558
2023-01-01,104.267,0.044,1.971,0.044,2.407,0.087,0.036,0.236,0.594
2023-02-01,120.994,0.14,2.302,0.02,2.975,0.045,0.078,0.525,0.574
2023-03-01,105.38,0.366,2.046,0.006,2.624,0.034,0.039,0.499,0.463
2023-04-01,106.81,0.415,1.809,0.065,2.445,0.083,0.141,0.443,0.522
2023-05-01,108.468,0.333,1.902,0.042,2.508,0.091,0.147,0.392,0.576
2023-06-01,110.529,0.208,2.214,0.055,2.459,0.054,0.082,0.383,0.606
2023-07-01,107.449,0.093,2.08,0.056,2.484,0.078,0.072,0.35,0.55
2023-08-01,101.141,0.267,1.966,0.024,2.16,0.059,0.077,0.35,0.57
2023-09-01,98.635,0.248,1.906,0.042,2.22,0.07,0.091,0.413,0.62
2023-10-01,197.887,0.794,1.839,0.096,4.425,0.099,0.595,0.376,1.221
2023-11-01,156.696,0.294,1.27,0.031,3.73,0.056,0.43,0.405,0.76
2023-12-01,142.279,0.277,1.5,0.116,3.424,0.09,0.348,0.26,0.985
2024-01-01,160.374,0.564,1.553,0.075,3.852,0.081,0.447,0.355,1.015
2024-02-01,146.598,0.281,1.721,0.079,3.396,0.092,0.349,0.297,0.857
2024-03-01,133.213,0.197,1.58,0.074,2.944,0.078,0.266,0.316,0.738
2024-04-01,163.947,0.392,1.829,0.044,4.019,0.079,0.278,0.382,1.035
2024-05-01,130.522,0.257,1.719,0.067,3.107,0.052,0.3,0.334,0.691
2024-06-01,113.093,0.152,1.471,0.057,2.688,0.059,0.211,0.317,0.666
2024-07-01,92.395,0.142,0.992,0.099,2.094,0.068,0.111,0.265,0.56
2024-08-01,140.975,0.26,1.551,0.152,3.209,0.128,0.289,0.247,0.845
2024-09-01,130.359,0.15,1.444,0.072,2.973,0.08,0.18,0.278,0.839
2024-10-01,130.689,0.303,1.366,0.043,3.03,0.066,0.146,0.387,0.779
2024-11-01,128.902,0.214,1.971,0.076,3.167,0.118,0.101,0.346,0.819
2024-12-01,142.366,0.341,2.295,0.042,3.29,0.08,0.125,0.297,0.814
2025-01-01,113.233,0.244,1.126,0.106,2.746,0.219,0.138,0.302,0.691
2025-02-01,136.981,0.687,1.953,0.101,3.536,0.175,0.153,0.388,0.926
2025-03-01,175.901,0.8,2.472,0.184,4.505,0.19,0.176,0.387,1.355
2025-04-01,141.185,0.261,1.529,0.176,3.519,0.133,0.119,0.396,0.816
2025-05-01,167.423,0.708,1.51,0.187,4.144,0.12,0.137,0.417,1.051
2025-06-01,222.586,0.46,2.182,0.05,5.663,0.09,0.143,0.485,1.479
2025-07-01,134.641,0.205,1.4,0.054,3.181,0.069,0.129,0.396,0.863
2025-08-01,138.988,0.179,1.714,0.083,3.402,0.085,0.128,0.29,0.902
2025-09-01,125.87,0.255,1.43,0.216,3.109,0.147,0.128,0.359,0.784
2025-10-01,153.48,0.219,1.507,0.532,3.728,0.31,0.229,0.371,0.785
2025-11-01,103.939,0.201,1.282,0.459,2.646,0.25,0.147,0.256,0.559
2025-12-01,132.486,0.151,1.698,0.715,3.246,0.267,0.07,0.365,0.748
2026-01-01,168.63,0.336,1.904,1.935,4.566,0.697,0.095,0.543,1.179
2026-02-01,119.865,0.323,1.286,0.561,3.074,0.244,0.092,0.314,0.627
2026-03-01,330.177,2.24,2.505,1.019,8.683,0.392,0.234,0.63,2.145
2026-04-01,250.284,0.904,1.734,0.39,6.652,0.177,0.198,0.588,1.499
2026-05-01,203.582,0.603,1.66,0.373,5.304,0.205,0.106,0.63,1.06
2026-06-01,179.942,0.449,1.31,0.362,4.605,0.161,0.079,0.299,0.92
2026-07-01,167.532,1.136,1.509,0.139,4.223,0.093,0.124,0.415,0.836
2026-08-01,117.919,0.581,1.155,0.179,3.099,0.106,0.098,0.349,0.488
