선박명,IMO,제재프로그램,선종,선적국,총톤수
MAR AZUL,,CUBA,Tug,Cuba,212
EBANO,7406784,CUBA,General Cargo,Panama,1865
TIFON,7206512,CUBA,Tug,Cuba,189
ARTAVIL,9187629,IRAN,Crude/Oil Products Tanker,Iran,"56,068"
ARK III,9187655,IRAN,Crude/Oil Products Tanker,Iran,"56,068"
ARGO I,9187667,IRAN,Crude/Oil Products Tanker,Iran,"56,068"
ARNICA,9187643,IRAN,Crude/Oil Products Tanker,Iran,"56,068"
APAMA,9187631,IRAN,Crude/Oil Products Tanker,Iran,"56,068"
BANEH,8508462,IRAN,Landing Craft,Iran,478
DIAMOND II,9218478,IRAN,Crude Oil Tanker,Iran,"160,576"
DREAM II,9356593,IRAN,Crude Oil Tanker,Iran,"164,241"
DEEP SEA,9218492,IRAN,Crude Oil Tanker,Iran,"160,576"
DORE,9357717,IRAN,Crude Oil Tanker,Iran,"164,241"
DOVER,9218466,IRAN,Crude Oil Tanker,Iran,"160,576"
DEVON,9218454,IRAN,Crude Oil Tanker,None Identified,"160,576"
DOWNY,9218480,IRAN,Crude Oil Tanker,Iran,"160,576"
FOREST,9283760,IRAN,Chemical/Products Tanker,Iran,"25,214"
HERO II,9362073,IRAN,Crude Oil Tanker,Iran,"163,650"
HENNA,9212929,IRAN,Crude Oil Tanker,Iran,"160,930"
AMBER,9357406,IRAN,Crude Oil Tanker,Iran,"163,660"
HASNA,9212917,IRAN,Crude Oil Tanker,Iran,"160,930"
HUGE,9357183,IRAN,Crude Oil Tanker,Iran,"163,660"
HAPPINESS I,9212905,IRAN] [SDGT,Crude Oil Tanker,Iran,"160,930"
HELM,9357391,IRAN,Crude Oil Tanker,Iran,"163,660"
HERBY,9362059,IRAN,Crude Oil Tanker,Iran,"163,660"
HILDA I,9357389,IRAN,Crude Oil Tanker,Iran,"163,660"
HAWK,9362061,IRAN,Crude Oil Tanker,Iran,"163,660"
HALTI,9212890,IRAN,Crude Oil Tanker,Iran,"160,930"
HEDY,9212888,IRAN,Crude Oil Tanker,Iran,"160,930"
IMICO NEKA 455,9404546,IRAN,Shuttle Tanker,Iran,"40,800"
FORTUNE,9283746,IRAN,Chemical/Products Tanker,Iran,"25,214"
MARIVAN,8517243,IRAN,Bunkering Tanker,Iran,478
NASHA,9079107,IRAN,Crude Oil Tanker,Iran,"156,809"
NAVARZ,9079078,IRAN,Crude Oil Tanker,Iran,"156,809"
NAROON,9079066,IRAN,Crude Oil Tanker,Iran,"156,809"
SEA STAR III,9569205,IRAN,Crude Oil Tanker,Iran,"165,000"
SABITI,9172040,IRAN,Crude Oil Tanker,Panama,"81,479"
SARDASHT,8517231,IRAN,Landing Craft,Iran,478
SALINA,9357377,IRAN,Crude Oil Tanker,Iran,"85,462"
SILVIA I,9172052,IRAN,Crude Oil Tanker,Iran,"81,479"
SANAN,9171462,IRAN,Crude Oil Tanker,Iran,"81,479"
STARK I,9171450,IRAN,Crude Oil Tanker,Iran,"81,479"
SEVIN,9357353,IRAN,Crude Oil Tanker,Iran,"85,462"
SONIA I,9357365,IRAN,Crude Oil Tanker,Iran,"85,462"
SEA CLIFF,9569657,IRAN,Crude Oil Tanker,Iran,"165,000"
STREAM,9569633,IRAN,Crude Oil Tanker,Iran,"165,000"
SERENA,9569645,IRAN,Crude Oil Tanker,Iran,"165,000"
SNOW,9569619,IRAN,Crude Oil Tanker,Panama,"165,000"
SINOPA,9172038,IRAN] [SDGT,Crude Oil Tanker,Iran,"81,479"
TOLOU,8318178,IRAN,Crew/Supply Vessel,Iran,178
VALFAJR2,8400103,IRAN,Tug,Iran,419
YAGHOUB,8316168,IRAN,Platform Supply Ship,Iran,"1,019"
YOUSEF,8316106,IRAN,Offshore Tug/Supply Ship,Iran,584
DESTINY,9177155,IRAN] [SDGT,Crude Oil Tanker,Iran,
FELICITY,9183934,IRAN,Crude Oil Tanker,Iran,
HUMANITY,9180281,IRAN,Crude Oil Tanker,Iran,
BADR,8407345,IRAN,,Iran,
STARLA,9569621,IRAN,Crude Oil Tanker,Iran,
DANIEL,9569683,IRAN,Crude Oil Tanker,Iran,
DINO I,9569671,IRAN,Crude Oil Tanker,Iran,
MARIA III,9615092,IRAN,LPG Tanker,Panama,
DORENA,9569669,IRAN,Crude Oil Tanker,Iran,
YOUNES,8212465,IRAN,Platform Supply Ship,Iran,
DAN,9357729,IRAN,Crude Oil Tanker,Iran,
CHONG CHON GANG,7937317,DPRK,General Cargo,Democratic People's Republic of Korea,
AM NOK GANG,8132835,DPRK,General Cargo,Democratic People's Republic of Korea,
BAEK MA KANG,7944683,DPRK,General Cargo,Democratic People's Republic of Korea,
DAI HONG DAN,7944695,DPRK,General Cargo,Democratic People's Republic of Korea,
HWANG GUM SAN 2,8405270,DPRK,General Cargo,Democratic People's Republic of Korea,
HYOK SIN 2,8018900,DPRK,Bulk Carrier,Democratic People's Republic of Korea,
JANG JA SAN CHONG NYON HO,8133530,DPRK,Bulk Carrier,Democratic People's Republic of Korea,
JON JIN 2,8018912,DPRK,Bulk Carrier,Democratic People's Republic of Korea,
DOK CHON,7411260,DPRK,General Cargo,Democratic People's Republic of Korea,
MU DU BONG,8328197,DPRK,General Cargo,Democratic People's Republic of Korea,
O UN CHONG NYON HO,8330815,DPRK,General Cargo,Democratic People's Republic of Korea,
PO THONG GANG,8829555,DPRK,General Cargo,Democratic People's Republic of Korea,
PHO THAE,7632955,DPRK,General Cargo,Democratic People's Republic of Korea,
PI RUY GANG,8829593,DPRK,General Cargo,Democratic People's Republic of Korea,
RAK WON 2,8819017,DPRK,General Cargo,Democratic People's Republic of Korea,
RYONG GANG 2,7640378,DPRK,General Cargo,Democratic People's Republic of Korea,
RYONG GUN BONG,,DPRK,General Cargo,Democratic People's Republic of Korea,
TAE DONG GANG,7738656,DPRK,General Cargo,Democratic People's Republic of Korea,
DAWNLIGHT,9110236,DPRK,General Cargo,Mongolia,
EVER BRIGHT 88,8914934,DPRK,,Sierra Leone,
GOLD STAR 3,8405402,DPRK,,Cambodia,
JH 86,8602531,DPRK,,Cambodia,
JIN TAI,9163154,DPRK,,Sierra Leone,
JIN TENG,9163166,DPRK,,Sierra Leone,
ORION STAR,9333589,DPRK,,,
SOUTH HILL 2,8412467,DPRK,,Sierra Leone,
SOUTH HILL 5,9138680,DPRK,,Palau,
GRAND KARO,8511823,DPRK,,Cambodia,
CHONG BONG,8909575,DPRK3,,Democratic People's Republic of Korea,
CHONG RIM 2,8916293,DPRK3,,Democratic People's Republic of Korea,
VICTORY 2,8312227,DPRK3,,Mongolia,
HOE RYONG,9041552,DPRK3,,Democratic People's Republic of Korea,
MI RIM,8713471,DPRK3,,Democratic People's Republic of Korea,
MI RIM 2,9361407,DPRK3,,Democratic People's Republic of Korea,
RA NAM 2,8625545,DPRK3,,Democratic People's Republic of Korea,
RA NAM 3,9314650,DPRK3,,Democratic People's Republic of Korea,
RYO MYONG,8987333,DPRK3,,Democratic People's Republic of Korea,
THAE PYONG SAN,9009085,DPRK3,,Democratic People's Republic of Korea,
TONG HUNG 1,8661575,DPRK3,,Democratic People's Republic of Korea,
MARSHAL ZHUKOV,9690224,UKRAINE-EO13685,,Russia,
STALINGRAD,9690212,UKRAINE-EO13685,,Russia,
WON SAN 2,9159787,DPRK4,,Democratic People's Republic of Korea,
ZA RYOK 2,8898738,DPRK4,,Democratic People's Republic of Korea,
7-28,8898831,DPRK4,,Democratic People's Republic of Korea,
YU SONG 12,9096791,DPRK4,,Democratic People's Republic of Korea,
YU SONG 7,8400854,DPRK4,,Democratic People's Republic of Korea,
JANG GYONG,8203933,DPRK4,,Democratic People's Republic of Korea,
KUM SONG 3,8661850,DPRK4,,Democratic People's Republic of Korea,
KUM SONG 5,8661719,DPRK4,,Democratic People's Republic of Korea,
KUM SONG 7,8739396,DPRK4,,Democratic People's Republic of Korea,
KUM UN SAN 3,8705539,DPRK4,,Democratic People's Republic of Korea,
RAK RANG,7506118,DPRK4,,Democratic People's Republic of Korea,
PU HUNG 1,8703933,DPRK4,,Democratic People's Republic of Korea,
RUNG RA DO,8989795,DPRK4,,Democratic People's Republic of Korea,
YANG GAK DO,6401828,DPRK4,,Democratic People's Republic of Korea,
RUNG RA 1,8713457,DPRK4,,Democratic People's Republic of Korea,
RUNG RA 2,9020534,DPRK4,,Democratic People's Republic of Korea,
KANG SONG 1,6908096,DPRK4,,Democratic People's Republic of Korea,
KU BONG RYONG,8983404,DPRK4,,Democratic People's Republic of Korea,
RYE SONG GANG 1,7389704,DPRK4,,Democratic People's Republic of Korea,
SO BAEK SAN,8658267,DPRK4,,Democratic People's Republic of Korea,
THEODOROS,6421660,LIBYA3,,,
PROGRES,8023670,LIBYA3,,Malta,
BONU 5,,LIBYA3,,Malta,
MARIE DE LOURDES,8688171,LIBYA3,,Malta,
MARIE DE LOURDES I,8688183,LIBYA3,,Malta,
MARIE DE LOURDES V,9809277,LIBYA3,,Malta,
ZEUS,8799619,LIBYA3,Fishing Vessel,Malta,
GOO RYONG,8201870,DPRK4,,Democratic People's Republic of Korea,
HWA SONG,8217685,DPRK4,,Democratic People's Republic of Korea,
KUM UN SAN,8720436,DPRK4,,Democratic People's Republic of Korea,
UN RYUL,8514409,DPRK4,,Democratic People's Republic of Korea,
EVER GLORY,8909915,DPRK4,,Democratic People's Republic of Korea,
UL JI BONG 6,9114555,DPRK4,,Democratic People's Republic of Korea,
CHON MYONG 1,8712362,DPRK4,,Democratic People's Republic of Korea,
NAM SAN 8,8122347,DPRK4,,Democratic People's Republic of Korea,
HAP JANG GANG 6,9066540,DPRK4,,Democratic People's Republic of Korea,
CHON MA SAN,8660313,DPRK4,,Democratic People's Republic of Korea,
AN SAN 1,7303803,DPRK4,,Democratic People's Republic of Korea,
KUM GANG 3,8966535,DPRK4,,Democratic People's Republic of Korea,
YU PHYONG 5,8605026,DPRK4,,Democratic People's Republic of Korea,
SAM JONG 1,8405311,DPRK4,,Democratic People's Republic of Korea,
SAM JONG 2,7408873,DPRK4,,Democratic People's Republic of Korea,
SAM MA 2,8106496,DPRK4,,Democratic People's Republic of Korea,
YU JONG 2,8604917,DPRK4,,Democratic People's Republic of Korea,
PAEK MA,9066978,DPRK4,,Democratic People's Republic of Korea,
JI SONG 6,8898740,DPRK4,,Democratic People's Republic of Korea,
JI SONG 8,8503228,DPRK4,,Democratic People's Republic of Korea,
WOORY STAR,8408595,DPRK4,,Democratic People's Republic of Korea,
PO CHON,8848276,DPRK4,,Democratic People's Republic of Korea,
SONG WON,8613360,DPRK4,,Democratic People's Republic of Korea,
TONG HUNG 5,8151415,DPRK4,,Democratic People's Republic of Korea,
YU SON,8691702,DPRK4,,Democratic People's Republic of Korea,
HUA FU,9020003,DPRK4,,Panama,
ORIENTAL TREASURE,9115028,DPRK4,,Comoros,
HAO FAN 2,8747604,DPRK4,,,
HAO FAN 6,8628597,DPRK4,,,
XIN GUANG HAI,9004700,DPRK4,,,
ASIA BRIDGE 1,8916580,DPRK4,,,
DONG FENG 6,9008201,DPRK4,,Tanzania,
KOTI,9417115,DPRK4,,Panama,
YUK TUNG,9030591,DPRK4,,,
PATRIOT,9003550,DPRK4,,Russia,
NEPTUN,8404991,DPRK4,,Russia,
BELLA,8808264,DPRK4,,Russia,
BOGATYR,9085730,DPRK4,,Russia,
PARTIZAN,9113020,DPRK4,,Russia,
SEVASTOPOL,9235127,DPRK4,,Russia,
DORITA,8605234,IRAN] [NPWMD] [IFSR,General Cargo,Iran,
GILDA,9367982,IRAN] [NPWMD] [IFSR,General Cargo,Iran,
KADOS,9137258,IRAN] [NPWMD] [IFSR,General Cargo,Iran,
KASMA,8721351,IRAN] [NPWMD] [IFSR,General Cargo,Iran,
NARDIS,9137246,IRAN] [NPWMD] [IFSR,General Cargo,Iran,
PARAND,9118551,IRAN] [NPWMD] [IFSR,General Cargo,Iran,
PARIN,9076478,IRAN] [NPWMD] [IFSR,General Cargo,Iran,
PARMIS,9245316,IRAN] [NPWMD] [IFSR,General Cargo,Iran,
PATRIS,9137210,IRAN] [NPWMD] [IFSR,General Cargo,Iran,
SABRINA,8215742,IRAN] [NPWMD] [IFSR,General Cargo,Iran,
SANIA,9367994,IRAN] [NPWMD] [IFSR,General Cargo,Iran,
SARINA,8203608,IRAN] [NPWMD] [IFSR,General Cargo,Iran,
SARIR,9368003,IRAN] [NPWMD] [IFSR,General Cargo,Iran,
SOMIA,9368015,IRAN] [NPWMD] [IFSR,General Cargo,Iran,
TARADIS,9245304,IRAN] [NPWMD] [IFSR,General Cargo,Iran,
VIANA,9010723,IRAN] [NPWMD] [IFSR,General Cargo,Iran,
VISTA,9010711,IRAN] [NPWMD] [IFSR,General Cargo,Iran,
AAJ,8984484,IRAN] [NPWMD] [IFSR,Crew/Supply Vessel,Iran,
AYNAZ,9683570,IRAN] [NPWMD] [IFSR,Tug,Iran,
BRELYAN,9138056,IRAN] [NPWMD] [IFSR,Passenger,Iran,
FIROUZEH,9103099,IRAN] [NPWMD] [IFSR,Passenger,Iran,
IRAN HORMUZ 25,8422072,IRAN] [NPWMD] [IFSR,Roll-on Roll-off,Iran,
HORMUZ 2,7904580,IRAN] [NPWMD] [IFSR,Passenger,Iran,
IRAN HORMUZ 12,9005596,IRAN] [NPWMD] [IFSR,Passenger,Iran,
IRAN HORMUZ 14,9020778,IRAN] [NPWMD] [IFSR,Passenger,Iran,
IRAN SHAHED,9184691,IRAN] [NPWMD] [IFSR,General Cargo,Iran,
NEGEEN,9071519,IRAN] [NPWMD] [IFSR,Passenger,Iran,
IRAN SHALAMCHEH,8820925,IRAN] [NPWMD] [IFSR,General Cargo,Iran,
TABAN 1,9420368,IRAN] [NPWMD] [IFSR,Container Ship,Iran,
SHAYAN 1,9420356,IRAN] [NPWMD] [IFSR,Container Ship,Iran,
YARAN,9420370,IRAN] [NPWMD] [IFSR,Container Ship,Iran,
ZOMOROUD,9138044,IRAN] [NPWMD] [IFSR,Passenger,Iran,
ALVAN,9165798,IRAN] [NPWMD] [IFSR,General Cargo,Iran,
ARIES,9369722,IRAN] [NPWMD] [IFSR,Bulk Carrier,Iran,
ARTABAZ,9283007,IRAN] [NPWMD] [IFSR,Container Ship,Iran,
ARTAM,9284154,IRAN] [NPWMD] [IFSR,Container Ship,Iran,
ARTENOS,9283021,IRAN] [NPWMD] [IFSR,Container Ship,Iran,
ARTIN,9305221,IRAN] [NPWMD] [IFSR,Bulk Carrier,Iran,
ARZIN,9284142,IRAN] [NPWMD] [IFSR,Container Ship,Iran,
AYSAN,9165803,IRAN] [NPWMD] [IFSR,General Cargo,Iran,
AZARGOUN,9283019,IRAN] [NPWMD] [IFSR,Container Ship,Iran,
BASHT,9346536,IRAN] [NPWMD] [IFSR,Container Ship,Iran,
BEHDAD,9051636,IRAN] [NPWMD] [IFSR,General Cargo,Iran,
BEHNAVAZ,9346548,IRAN] [NPWMD] [IFSR,Container Ship,Iran,
ELYANA,9165827,IRAN] [NPWMD] [IFSR,General Cargo,Iran,
GOLAFRUZ,9323833,IRAN] [NPWMD] [IFSR,Bulk Carrier,Iran,
GOLSAN,9165815,IRAN] [NPWMD] [IFSR,General Cargo,Iran,
GOLSAR,9193185,IRAN] [NPWMD] [IFSR,Bulk Carrier,Iran,
JAIRAN,9167291,IRAN] [NPWMD] [IFSR,General Cargo,Iran,
MAHNAM,9213387,IRAN] [NPWMD] [IFSR,Bulk Carrier,Iran,
NESHAT,9167277,IRAN] [NPWMD] [IFSR,General Cargo,Iran,
PARNIA,9167265,IRAN] [NPWMD] [IFSR] [IRAN-CON-ARMS-EO,General Cargo,Iran,
SHABGOUN,9346524,IRAN] [NPWMD] [IFSR,Container Ship,Iran,
SHAHR E KORD,9270684,IRAN] [NPWMD] [IFSR,Container Ship,Iran,
TOUSKA,9328900,IRAN] [NPWMD] [IFSR,Container Ship,Iran,
HAMD,9036052,IRAN] [NPWMD] [IFSR,Bunkering Tanker,Iran,
CANREACH,9820271,IRAN] [NPWMD] [IFSR,Container Ship,Hong Kong,
HYUNDAI MIPO 2655,9820312,IRAN] [NPWMD] [IFSR,Products Tanker,Iran,
HYUNDAI MIPO 2656,9820324,IRAN] [NPWMD] [IFSR,Products Tanker,Iran,
HYUNDAI MIPO 2657,9820336,IRAN] [NPWMD] [IFSR,Tanker,Iran,
IRAN CHARAK,8322076,IRAN] [NPWMD] [IFSR,Bunkering Tanker,Iran,
IRAN HORMUZ 22,8314275,IRAN] [NPWMD] [IFSR,Passenger,Iran,
IRAN PARAK,8322064,IRAN] [NPWMD] [IFSR,Bunkering Tanker,Iran,
IRAN SHALAK,8319940,IRAN] [NPWMD] [IFSR,Bunkering Tanker,Iran,
IRAN YOUSHAT,8319952,IRAN] [NPWMD] [IFSR,Bunkering Tanker,Iran,
KASHAN,9270696,IRAN] [NPWMD] [IFSR,Container Ship,Iran,
SOBHAN,9036935,IRAN] [NPWMD] [IFSR,Bunkering Tanker,Iran,
ABBA,9051624,IRAN] [NPWMD] [IFSR,General Cargo,Iran,
ABTIN 1,9379636,IRAN] [NPWMD] [IFSR,Container Ship,Iran,
ABYAN,9349667,IRAN] [NPWMD] [IFSR,Container Ship,Iran,
ANDIA,9193197,IRAN] [NPWMD] [IFSR,Bulk Carrier,Iran,
ARDAVAN,9465863,IRAN] [NPWMD] [IFSR,Bulk Carrier,Iran,
ARTAVAND,9193214,IRAN] [NPWMD] [IFSR,Bulk Carrier,Iran,
ARVIN,9193202,IRAN] [NPWMD] [IFSR,Bulk Carrier,Iran,
BAHJAT,9405954,IRAN] [NPWMD] [IFSR,Bulk Carrier,Iran,
FANREACH,9820269,IRAN] [NPWMD] [IFSR,Container Ship,Hong Kong,
BATIS,9465760,IRAN] [NPWMD] [IFSR,Bulk Carrier,Iran,
BEHDOKHT,9405978,IRAN] [NPWMD] [IFSR,Bulk Carrier,Iran,
GOLBON,9283033,IRAN] [NPWMD] [IFSR,Container Ship,Iran,
HAMGAM,9226956,IRAN] [NPWMD] [IFSR,Bulk Carrier,Iran,
KHURAN,9032666,IRAN] [NPWMD] [IFSR,Products Tanker,Togo,
MIAMI PRIDE,9274941,IRAN] [NPWMD] [IFSR,Bulk Carrier,Togo,
OURA,9387815,IRAN] [NPWMD] [IFSR,Bulk Carrier,Iran,
GOODREACH,9820257,IRAN] [NPWMD] [IFSR,Container Ship,Hong Kong,
TENREACH,9820245,IRAN] [NPWMD] [IFSR,Container Ship,Hong Kong,
ROSHAK,9405966,IRAN] [NPWMD] [IFSR,Bulk Carrier,Iran,
SHAMIM,9270658,IRAN] [NPWMD] [IFSR,Container Ship,Iran,
SHIBA,9270646,IRAN] [NPWMD] [IFSR,Container Ship,Iran,
AMINA,9305192,IRAN] [NPWMD] [IFSR,Bulk Carrier,Iran,
AREZOO,9165786,IRAN] [NPWMD] [IFSR,General Cargo,Iran,
ARSHAM,9386500,IRAN] [NPWMD] [IFSR,Bulk Carrier,Iran,
ARTARIA,9226944,IRAN] [NPWMD] [IFSR,Bulk Carrier,Iran,
ARTMAN,9405930,IRAN] [NPWMD] [IFSR,Bulk Carrier,Iran,
AVANG,9465746,IRAN] [NPWMD] [IFSR,Bulk Carrier,Iran,
BASKAR,9405942,IRAN] [NPWMD] [IFSR,Bulk Carrier,Iran,
BAVAND,9387798,IRAN] [NPWMD] [IFSR,Bulk Carrier,Iran,
BEHSHAD,9167289,IRAN] [NPWMD] [IFSR,General Cargo,Iran,
BEHTA,9349590,IRAN] [NPWMD] [IFSR,Container Ship,Iran,
CASPIA,9125126,IRAN] [NPWMD] [IFSR,Chemical/Products Tanker,Iran,
DARYABAR,9369710,IRAN] [NPWMD] [IFSR,Bulk Carrier,Iran,
DELICE,9125138,IRAN] [SDGT] [NPWMD] [IFSR,Chemical/Products Tanker,Iran,
DELNAVAZ,9387803,IRAN] [NPWMD] [IFSR,Bulk Carrier,Iran,
DELRUBA,9305207,IRAN] [NPWMD] [IFSR,Bulk Carrier,Iran,
DEVREZ,9120994,IRAN] [SDGT] [NPWMD] [IFSR,Chemical/Products Tanker,Iran,
GANJ,9305219,IRAN] [NPWMD] [IFSR,Bulk Carrier,Iran,
KIAZAND,9465758,IRAN] [NPWMD] [IFSR,Bulk Carrier,Iran,
MENA,8909472,IRAN] [NPWMD] [IFSR,Crude/Oil Products Tanker,Togo,
NEGAR,9165839,IRAN] [NPWMD] [IFSR,General Cargo,Iran,
NOOR 1,9506320,IRAN] [NPWMD] [IFSR,Bulk Carrier,Iran,
PARISAN,9465851,IRAN] [NPWMD] [IFSR,Bulk Carrier,Iran,
PARSHAD,9387786,IRAN] [NPWMD] [IFSR,Bulk Carrier,Iran,
PARSHAN,9051648,IRAN] [NPWMD] [IFSR,General Cargo,Iran,
PERARIN,9209350,IRAN] [NPWMD] [IFSR,Container Ship,Iran,
SARVIN,9209348,IRAN] [NPWMD] [IFSR,Container Ship,Iran,
SAVIZ,9167253,IRAN] [NPWMD] [IFSR,General Cargo,Iran,
SHABDIS,9349588,IRAN] [NPWMD] [IFSR,Container Ship,Iran,
SHAHRAZ,9349576,IRAN] [NPWMD] [IFSR,Container Ship,Iran,
TABUK,8917467,IRAN] [NPWMD] [IFSR,Crude/Oil Products Tanker,Togo,
TERMEH,9213399,IRAN] [NPWMD] [IFSR,Bulk Carrier,Iran,
WARTA,9465849,IRAN] [NPWMD] [IFSR,Bulk Carrier,Iran,
ZARDIS,9349679,IRAN] [NPWMD] [IFSR,Container Ship,Iran,
NYMEX STAR,9078191,DPRK,,Singapore,
FAXON,9283758,IRAN,Chemical/Products Tanker,Panama,
DERYA,9569700,IRAN,Crude Oil Tanker,Iran,
DIONA,9569695,IRAN,Crude Oil Tanker,Iran,
DUNE,9569712,IRAN,Crude Oil Tanker,Iran,
URDANETA,7912111,VENEZUELA-EO13850,Tug,Venezuela,
GP-21,8767953,VENEZUELA-EO13850,Drilling Ship,Venezuela,
BICENTENARIO XIV,9513270,VENEZUELA-EO13850,Tug,Venezuela,
GP-23,8767977,VENEZUELA-EO13850,Drilling Ship,Venezuela,
BICENTENARIO XII,9513282,VENEZUELA-EO13850,Tug,Venezuela,
L-409,8772049,VENEZUELA-EO13850,Drilling Ship,Venezuela,
BICENTENARIO XIII,9513294,VENEZUELA-EO13850,Tug,Venezuela,
BICENTENARIO XVI,9513309,VENEZUELA-EO13850,Tug,Venezuela,
AMUAY,9432658,VENEZUELA-EO13850,Tug,Venezuela,
BICENTENARIO XI,9513311,VENEZUELA-EO13850,Tug,Venezuela,
BICENTENARIO II,9513323,VENEZUELA-EO13850,Tug,Venezuela,
BICENTENARIO V,9542518,VENEZUELA-EO13850,Tug,Venezuela,
BICENTENARIO IV,9556947,VENEZUELA-EO13850,Tug,Venezuela,
BICENTENARIO VI,9557549,VENEZUELA-EO13850,Tug,Venezuela,
BICENTENARIO IX,9557915,VENEZUELA-EO13850,Tug,Venezuela,
PDVSA CARDON,9432660,VENEZUELA-EO13850,Tug,Venezuela,
CUMANAGOTO,9540883,VENEZUELA-EO13850,Tug,Venezuela,
CARIBE,9540895,VENEZUELA-EO13850,Tug,Venezuela,
JAZMIN,9662643,VENEZUELA-EO13850,Tug,Venezuela,
SABANETA,9667813,VENEZUELA-EO13850,Tug,Venezuela,
MANAURE,9670987,VENEZUELA-EO13850,Tug,Venezuela,
MARA,9670999,VENEZUELA-EO13850,Tug,Venezuela,
MARGARITA 1,9671668,VENEZUELA-EO13850,Tug,Venezuela,
YORACO,9688790,VENEZUELA-EO13850,Tug,Venezuela,
CAYAURIMA,9688805,VENEZUELA-EO13850,Tug,Venezuela,
TRIBILIN,9693240,VENEZUELA-EO13850,Tug,Venezuela,
AMAPOLA 1,9717357,VENEZUELA-EO13850,Tug,Venezuela,
GARDENIA,9739898,VENEZUELA-EO13850,Tug,Panama,
BICENTENARIO X,9564126,VENEZUELA-EO13850,Tug,Venezuela,
BICENTENARIO VIII,9564695,VENEZUELA-EO13850,Tug,Venezuela,
BICENTENARIO I,9584762,VENEZUELA-EO13850,Tug,Venezuela,
BICENTENARIO XV,9513268,VENEZUELA-EO13850,Tug,Venezuela,
BICENTENARIO III,9585819,VENEZUELA-EO13850,Tug,Venezuela,
BICENTENARIO VII,9588990,VENEZUELA-EO13850,Tug,Venezuela,
S-TROTTER,9216547,VENEZUELA-EO13850,Oil Products Tanker,Panama,
ESPERANZA,9289166,VENEZUELA-EO13850,Crude Oil Tanker,Cuba,
SHANG YUAN BAO,8126070,DPRK4,,Panama,
YAZ,9735323,UKRAINE-EO13685,,Russia,
SIG,9735335,UKRAINE-EO13685,,Russia,
SUDAK,8943155,UKRAINE-EO13685,,Russia,
PASSAT,8523242,UKRAINE-EO13685,,Russia,
OT-2077,9025778,UKRAINE-EO13685,,Russia,
ST. VITAMIN,,UKRAINE-EO13661] [CYBER2] [ELECTION-EO13848,Pleasure Craft,St. Vincent and the Grenadines,
SARAK,9226968,SDGT,Crude Oil Tanker,Iran,
SOBAR,9221970,SDGT,Crude Oil Tanker,Iran,
TOUR 2,9364112,SDGT,Crude Oil Tanker,Panama,
ADRIAN DARYA 1,9116412,SDGT,Crude Oil Tanker,Iran,
ASIA BRIDGE,9010022,DPRK4,General Cargo,,
GIRALT,9259692,VENEZUELA-EO13850,Crude Oil Tanker,Panama,
CARLOTA C,9502453,VENEZUELA-EO13850,Chemical/Products Tanker,Panama,
SANDINO,9441178,VENEZUELA-EO13850,Chemical/Products Tanker,Panama,
PETION,9295098,VENEZUELA-EO13850,Products Tanker,Panama,
LUCKY STAR,9015278,DPRK4,General Cargo,,
CALM BRIDGE,8318867,DPRK4,General Cargo,,
ICARO,9038842,VENEZUELA-EO13884,Crude Oil Tanker,Panama,
LUISA CACERES DE ARISMENDI,9117478,VENEZUELA-EO13884,Products Tanker,Venezuela,
MANUELA SAENZ,9117492,VENEZUELA-EO13884,Products Tanker,Venezuela,
PARAMACONI,9543512,VENEZUELA-EO13884,Crude Oil Tanker,Venezuela,
TEREPAIMA,9552496,VENEZUELA-EO13884,Crude Oil Tanker,Venezuela,
YARE,9543500,VENEZUELA-EO13884,Crude Oil Tanker,Venezuela,
GENAVA 12,9776523,SDGT] [IFSR,,Iran,
GENAVA 11,9804617,SDGT] [IFSR,,Iran,
MARAYA,7514517,LIBYA3,Palletized Cargo Ship,Samoa,
HONG XUN,9588885,IRAN-EO13871,,Liberia,
STAR 18,9020015,DPRK4,General Cargo,Vietnam,
BALITA,9176773,VENEZUELA-EO13850,Crude/Oil Products Tanker,Cameroon,
LIA,9041057,SDGT] [VENEZUELA-EO13850,Crude Oil Tanker,Guyana,
MAKSIM GORKY,9590008,VENEZUELA-EO13850,Crude Oil Tanker,Russia,
SIERRA,9147447,VENEZUELA-EO13850,Crude/Oil Products Tanker,Russia,
LONGBOW LAKE,9237539,SDGT] [IFSR,Crude Oil Tanker,Honduras,
WU XIAN,9102239,SDGT] [IFSR,Crude Oil Tanker,Panama,
BOSCO GILAN,9188752,IRAN-EO13876,General Cargo,Iran,
FIONA,8674156,CAATSA - RUSSIA] [RUSSIA-EO14024] [PEESA-EO14039,Service Vessel,Russia,
BALIAR,9192258,VENEZUELA-EO13850,Crude/Oil Products Tanker,Liberia,
HERMES,9338230,RUSSIA-EO14024] [PEESA-EO14039,Offshore Tug/Supply Ship,Russia,
ANTEY,9310018,RUSSIA-EO14024] [PEESA-EO14039,Anchor Handling Vessel,Russia,
AKADEMIK CHERSKIY,8770261,RUSSIA-EO14024] [PEESA-EO14039,Pipe-laying Vessel,Russia,
BALTIYSKIY ISSLEDOVATEL,9572020,RUSSIA-EO14024] [PEESA-EO14039,Supply Vessel,Russia,
UMKA,9171620,RUSSIA-EO14024] [PEESA-EO14039,Offshore Tug,Russia,
ARTEMIS OFFSHORE,9747194,RUSSIA-EO14024] [PEESA-EO14039,Offshore Support Vessel,Russia,
FINVAL,9272412,RUSSIA-EO14024] [PEESA-EO14039,Offshore Tug/Supply Ship,Russia,
NARVAL,9171876,RUSSIA-EO14024] [PEESA-EO14039,Offshore Tug,Russia,
SIVUCH,9157820,RUSSIA-EO14024] [PEESA-EO14039,Offshore Tug/Supply Ship,Russia,
KAPITAN BEKLEMISHEV,8724080,RUSSIA-EO14024] [PEESA-EO14039,Tug,Russia,
SPASATEL KAREV,9497531,RUSSIA-EO14024] [PEESA-EO14039,Salvage Ship,Russia,
BAKHTEMIR,9797577,RUSSIA-EO14024] [PEESA-EO14039,Salvage Ship,Russia,
MURMAN,9682423,RUSSIA-EO14024] [PEESA-EO14039,Salvage Ship,Russia,
TRIPLE SUCCESS,9167148,SDGT,Products Tanker,Gabon,
OSTAP SHEREMETA,9624225,RUSSIA-EO14024] [PEESA-EO14039,Service Vessel,Russia,
IVAN SIDORENKO,9624213,RUSSIA-EO14024] [PEESA-EO14039,Service Vessel,Russia,
FU YUAN YU 7876,8537097,GLOMAG,Fishing Vessel,China,
FU YUAN YU 7877,8537102,GLOMAG,Fishing Vessel,China,
FU YUAN YU 7861,9828663,GLOMAG,Fishing Vessel,China,
FU YUAN YU 7862,9828675,GLOMAG,Fishing Vessel,China,
FU YUAN YU 7864,9828687,GLOMAG,Fishing Vessel,China,
FU YUAN YU 7863,9828699,GLOMAG,Fishing Vessel,China,
FU YUAN YU 7882,9828754,GLOMAG,Fishing Vessel,China,
FU YUAN YU 7883,9828766,GLOMAG,Fishing Vessel,China,
FU YUAN YU 7886,9842293,GLOMAG,Fishing Vessel,China,
FU YUAN YU 7887,9842308,GLOMAG,Fishing Vessel,China,
FU YUAN YU 005,7815246,GLOMAG,Fishing Vessel,China,
FU YUAN YU 008,8403698,GLOMAG,Fishing Vessel,China,
FU YUAN YU F91,8414295,GLOMAG,Refrigerated Cargo Ship,China,
FU YUAN YU 8672,9869291,GLOMAG,Fishing Vessel,China,
FU YUAN YU 8673,9869473,GLOMAG,Fishing Vessel,China,
FU YUAN YU 8674,9869485,GLOMAG,Fishing Vessel,China,
FU YUAN YU 557,8820509,GLOMAG,Fishing Vessel,China,
FU YUAN YU 8675,9869497,GLOMAG,Fishing Vessel,China,
MIN FUZHOU YU F009,8994013,GLOMAG,Fish Carrier,China,
FU YUAN YU 8676,9870123,GLOMAG,Fishing Vessel,China,
FU YUAN YU 559,9016571,GLOMAG,Fishing Vessel,China,
FU YUAN YU 558,9031947,GLOMAG,Fishing Vessel,China,
FU YUAN YU F30,9096507,GLOMAG,Refrigerated Cargo Ship,China,
FU YUAN YU 8677,9870238,GLOMAG,Fishing Vessel,China,
HONG FENG 1 HAO,9756573,GLOMAG,Fish Carrier,China,
FU YUAN YU 8678,9870240,GLOMAG,Fishing Vessel,China,
FU YUAN YU 7865,9828704,GLOMAG,Fishing Vessel,China,
FU YUAN YU 7866,9828716,GLOMAG,Fishing Vessel,China,
FU YUAN YU 7884,9842279,GLOMAG,Fishing Vessel,China,
FU YUAN YU 7885,9842281,GLOMAG,Fishing Vessel,China,
FU YUAN YU 8660,9870111,GLOMAG,Fishing Vessel,China,
FU YUAN YU 8661,9870587,GLOMAG,Fishing Vessel,China,
FU YUAN YU 7894,9871232,GLOMAG,Fishing Vessel,China,
FU YUAN YU 8662,9870599,GLOMAG,Fishing Vessel,China,
FU YUAN YU 7888,9872561,GLOMAG,Fishing Vessel,China,
FU YUAN YU 7889,9872573,GLOMAG,Fishing Vessel,China,
FU YUAN YU 7895,9871244,GLOMAG,Fishing Vessel,China,
FU YUAN YU 7900,9888273,GLOMAG,Fishing Vessel,China,
FU YUAN YU 7901,9888285,GLOMAG,Fishing Vessel,China,
FU YUAN YU 7896,9872224,GLOMAG,Fishing Vessel,China,
FU YUAN YU 7902,9888297,GLOMAG,Fishing Vessel,China,
FU YUAN YU YUN 993,9897066,GLOMAG,Fish Carrier,China,
FU YUAN YU 8696,9916654,GLOMAG,Fishing Vessel,China,
FU YUAN YU 7897,9872262,GLOMAG,Fishing Vessel,China,
FU YUAN YU 8695,9916692,GLOMAG,Fishing Vessel,China,
FU YUAN YU 8697,9916707,GLOMAG,Fishing Vessel,China,
FU YUAN YU 8698,9916721,GLOMAG,Fishing Vessel,China,
FU YUAN YU YUN 991,9920954,GLOMAG,Fish Carrier,China,
FU YUAN YU 8636,9933717,GLOMAG,Fishing Vessel,China,
FU YUAN YU 7898,9872274,GLOMAG,Fishing Vessel,China,
FU YUAN YU 8637,9933729,GLOMAG,Fishing Vessel,China,
FU YUAN YU 8638,9933731,GLOMAG,Fishing Vessel,China,
FU YUAN YU 7899,9872286,GLOMAG,Fishing Vessel,China,
FU YUAN YU 8635,9934503,GLOMAG,Fishing Vessel,China,
FU YUAN YU 7868,9872585,GLOMAG,Fishing Vessel,China,
FU YUAN YU 8639,9934515,GLOMAG,Fishing Vessel,China,
FU YUAN YU 8640,9934527,GLOMAG,Fishing Vessel,China,
FU YUAN YU 8641,9934539,GLOMAG,Fishing Vessel,China,
FU YUAN YU 8642,9934541,GLOMAG,Fishing Vessel,China,
FU YUAN YU 7869,9872602,GLOMAG,Fishing Vessel,China,
FU YUAN YU 8643,9934553,GLOMAG,Fishing Vessel,China,
FU YUAN YU 7872,9874064,GLOMAG,Fishing Vessel,China,
FU YUAN YU 8644,9934565,GLOMAG,Fishing Vessel,China,
FU YUAN YU 7870,9874131,GLOMAG,Fishing Vessel,China,
FU YUAN YU 8645,9934577,GLOMAG,Fishing Vessel,China,
FU YUAN YU 7871,9874155,GLOMAG,Fishing Vessel,China,
FU YUAN YU 8646,9934589,GLOMAG,Fishing Vessel,China,
FU YUAN YU 7873,9874167,GLOMAG,Fishing Vessel,China,
FU YUAN YU 7890,9878761,GLOMAG,Fishing Vessel,China,
FU YUAN YU 8647,9940497,GLOMAG,Fishing Vessel,China,
FU YUAN YU 7891,9878773,GLOMAG,Fishing Vessel,China,
FU YUAN YU 7893,9878785,GLOMAG,Fishing Vessel,China,
FU YUAN YU 7892,9879686,GLOMAG,Fishing Vessel,China,
FU YUAN YU 7874,9879715,GLOMAG,Fishing Vessel,China,
FU YUAN YU 8648,9940538,GLOMAG,Fishing Vessel,China,
FU YUAN YU 7875,9879727,GLOMAG,Fishing Vessel,China,
FU YUAN YU 8649,9940540,GLOMAG,Fishing Vessel,China,
FU YUAN YU YUN 995,9887152,GLOMAG,Fish Carrier,China,
FU YUAN YU 8650,9940552,GLOMAG,Fishing Vessel,China,
FU YUAN YU 8651,9940576,GLOMAG,Fishing Vessel,China,
FU YUAN YU 8652,9940590,GLOMAG,Fishing Vessel,China,
FU YUAN YU 8653,9940617,GLOMAG,Fishing Vessel,China,
FU YUAN YU 8654,9940629,GLOMAG,Fishing Vessel,China,
FU YUAN YU YUN 997,9887853,GLOMAG,Fish Carrier,China,
FU YUAN YU 7601,9891476,GLOMAG,Fishing Vessel,China,
FU YUAN YU 7602,9891488,GLOMAG,Fishing Vessel,China,
FU YUAN YU 7603,9891490,GLOMAG,Fishing Vessel,China,
FU YUAN YU 7604,9891505,GLOMAG,Fishing Vessel,China,
LONG XING 601,8828329,GLOMAG,Fishing Vessel,China,
LONG XING 602,8011055,GLOMAG,Fishing Vessel,China,
LONG XING 603,7416349,GLOMAG,Fishing Vessel,China,
LONG XING 605,8682490,GLOMAG,Fishing Vessel,China,
LONG XING 606,8682505,GLOMAG,Fishing Vessel,China,
LONG XING 607,8682517,GLOMAG,Fishing Vessel,China,
LONG XING 608,8682529,GLOMAG,Fishing Vessel,China,
LONG XING 609,9004449,GLOMAG,Fishing Vessel,China,
LONG XING 610,8713421,GLOMAG,Fishing Vessel,China,
LONG XING 611,9037678,GLOMAG,Fishing Vessel,China,
LONG XING 612,9038294,GLOMAG,Fishing Vessel,China,
LONG XING 621,8909769,GLOMAG,Fishing Vessel,China,
LONG XING 622,8915158,GLOMAG,Fishing Vessel,China,
LONG XING 623,8910976,GLOMAG,Fishing Vessel,China,
LONG XING 625,9036777,GLOMAG,Fishing Vessel,China,
LONG XING 626,9031935,GLOMAG,Fishing Vessel,China,
LONG XING 627,9016258,GLOMAG,Fishing Vessel,China,
LONG XING 628,9016246,GLOMAG,Fishing Vessel,China,
LONG XING 629,8687268,GLOMAG,Fishing Vessel,China,
LONG XING 630,8687270,GLOMAG,Fishing Vessel,China,
LONG XING 635,8648145,GLOMAG,Fishing Vessel,China,
FU YUAN YU 7605,9891608,GLOMAG,Fishing Vessel,China,
LONG XING 636,8648157,GLOMAG,Fishing Vessel,China,
FU YUAN YU 7606,9891610,GLOMAG,Fishing Vessel,China,
LONG XING 637,8648169,GLOMAG,Fishing Vessel,China,
LONG XING 638,8648171,GLOMAG,Fishing Vessel,China,
LONG XING 801,8529442,GLOMAG,Fishing Vessel,China,
FU YUAN YU 8679,9892365,GLOMAG,Fishing Vessel,China,
LONG XING 802,8529428,GLOMAG,Fishing Vessel,China,
TIAN XIANG 7,8407802,GLOMAG,Fishing Vessel,China,
TIAN XIANG 8,8430562,GLOMAG,Fishing Vessel,China,
TIAN XIANG 16,8947553,GLOMAG,Fishing Vessel,China,
FU YUAN YU 8680,9892377,GLOMAG,Fishing Vessel,China,
TIAN XIANG 18,8603690,GLOMAG,Fishing Vessel,China,
FU YUAN YU 8681,9893137,GLOMAG,Fishing Vessel,China,
TIAN YU 7,8651283,GLOMAG,Fishing Vessel,China,
TIAN YU 8,8651295,GLOMAG,Fishing Vessel,China,
FU YUAN YU 8682,9893149,GLOMAG,Fishing Vessel,China,
FU YUAN YU 8683,,GLOMAG,Fishing Vessel,China,
FU YUAN YU 8686,9894399,GLOMAG,Fishing Vessel,China,
FU YUAN YU 8684,9894492,GLOMAG,Fishing Vessel,China,
FU YUAN YU 8685,9894507,GLOMAG,Fishing Vessel,China,
FU YUAN YU 8687,9894519,GLOMAG,Fishing Vessel,China,
FU YUAN YU 7611,9896294,GLOMAG,Fishing Vessel,China,
FU YUAN YU 7612,9896309,GLOMAG,Fishing Vessel,China,
FU YUAN YU 7613,9896323,GLOMAG,Fishing Vessel,China,
FU YUAN YU 7614,9896335,GLOMAG,Fishing Vessel,China,
FU YUAN YU 7615,9896347,GLOMAG,Fishing Vessel,China,
FU YUAN YU 7616,9896361,GLOMAG,Fishing Vessel,China,
FU YUAN YU 7617,9896373,GLOMAG,Fishing Vessel,China,
FU YUAN YU 7618,9896397,GLOMAG,Fishing Vessel,China,
FU YUAN YU 7630,9914785,GLOMAG,Fishing Vessel,China,
FU YUAN YU 7629,9914761,GLOMAG,Fishing Vessel,China,
FU YUAN YU 7619,9896402,GLOMAG,Fishing Vessel,China,
FU YUAN YU 7628,9914759,GLOMAG,Fishing Vessel,China,
FU YUAN YU 8688,9899052,GLOMAG,Fishing Vessel,China,
FU YUAN YU 7627,9914747,GLOMAG,Fishing Vessel,China,
FU YUAN YU 8689,9899064,GLOMAG,Fishing Vessel,China,
FU YUAN YU 7626,9914735,GLOMAG,Fishing Vessel,China,
FU YUAN YU 8690,9899076,GLOMAG,Fishing Vessel,China,
FU YUAN YU 7625,9914723,GLOMAG,Fishing Vessel,China,
FU YUAN YU 7624,9914606,GLOMAG,Fishing Vessel,China,
FU YUAN YU 8691,9899088,GLOMAG,Fishing Vessel,China,
FU YUAN YU 7622,9914591,GLOMAG,Fishing Vessel,China,
FU YUAN YU 7621,9914589,GLOMAG,Fishing Vessel,China,
FU YUAN YU 7620,9914577,GLOMAG,Fishing Vessel,China,
FU YUAN YU 8692,9899105,GLOMAG,Fishing Vessel,China,
FU YUAN YU 8693,9899117,GLOMAG,Fishing Vessel,China,
FU YUAN YU YUN 992,9910909,GLOMAG,Fish Carrier,China,
LAMANTIN,9396854,RUSSIA-EO14024] [PEESA-EO14039,Offshore Support Vessel,Russia,
BALTIC LEADER,9220639,RUSSIA-EO14024,Roll-on Roll-off,Russia,8831
PEGAS,9256860,RUSSIA-EO14024,Crude Oil Tanker,Russia,61991
LIGHT MOON,9109550,SDGT,Bulk Carrier,St. Kitts and Nevis,
DILBAR,9661792,RUSSIA-EO14024,Yacht,Cayman Islands,15917
TANGO,1010703,RUSSIA-EO14024,Yacht,Cook Islands,2083
LENA,9594339,RUSSIA-EO14024,Yacht,British Virgin Islands,
CLIPPER,9102198,SDGT,LPG Tanker,Guyana,
SEA RHAPSODY,1010648,UKRAINE-EO13661,Yacht,Marshall Islands,1503
LADY LEILA,9683740,RUSSIA-EO14024,Products Tanker,Russia,5075
LADY RANIA,9784893,RUSSIA-EO14024,Chemical/Oil Tanker,Russia,5077
LADY SEVDA,9683738,RUSSIA-EO14024,Products Tanker,Russia,5075
SV KONSTANTIN,9203710,RUSSIA-EO14024,General Cargo,Russia,4860
SPARTA II,9160994,RUSSIA-EO14024,Roll-on Roll-off,Russia,7260
AMBAL,8807416,RUSSIA-EO14024,Roll-on Roll-off,Russia,20729
MARIA E,9617923,RUSSIA-EO14024,Roll-on Roll-off,Togo,3069
PIZHMA,8814354,RUSSIA-EO14024,General Cargo,Russia,3466
SPARTA,9268710,RUSSIA-EO14024,Roll-on Roll-off,Russia,8831
SPARTA III,9538892,RUSSIA-EO14024,General Cargo,Russia,12679
SPARTA IV,9743033,RUSSIA-EO14024,General Cargo,Russia,7522
BELOMORSKIY,8305781,RUSSIA-EO14024,Dredger,Russia,2628
CHIZHOVKA,8730455,RUSSIA-EO14024,Hopper Barge,Russia,745
DVINSKIY ZALIV,8922486,RUSSIA-EO14024,Dredger,Russia,2081
INZHENER TRUBIN,8502080,RUSSIA-EO14024,General Cargo,Russia,6418
INZHENER VESHNYAKOV,8502107,RUSSIA-EO14024,General Cargo,Russia,6418
IOHANN MAHMASTAL,8603406,RUSSIA-EO14024,General Cargo,Russia,6395
KAPITAN KOKOVIN,9279422,RUSSIA-EO14024,General Cargo,Russia,2474
KAPITAN RYNTSYN,8618073,RUSSIA-EO14024,General Cargo,Russia,2601
KAPITAN SAKHAROV,9279434,RUSSIA-EO14024,General Cargo,Russia,2474
KHOLMOGORY,9109081,RUSSIA-EO14024,General Cargo,Russia,2986
LAPOMINKA,8928143,RUSSIA-EO14024,Hopper Barge,Russia,643
MEKHANIK BRILIN,8904408,RUSSIA-EO14024,General Cargo,Russia,2489
MEKHANIK KOTTSOV,8904410,RUSSIA-EO14024,General Cargo,Russia,2489
MEKHANIK KRASKOVSKIY,8904458,RUSSIA-EO14024,General Cargo,Russia,2489
MEKHANIK MAKARIN,8904379,RUSSIA-EO14024,General Cargo,Russia,3178
MEKHANIK PUSTOSHNYY,8904422,RUSSIA-EO14024,General Cargo,Russia,2489
MEKHANIK PYATLIN,8904434,RUSSIA-EO14024,General Cargo,Russia,2489
MEKHANIK YARTSEV,8904367,RUSSIA-EO14024,General Cargo,Russia,2489
MIKHAIL LOMONOSOV,9216482,RUSSIA-EO14024,General Cargo,Russia,2990
S. KUZNETSOV,9210359,RUSSIA-EO14024,General Cargo,Russia,6204
SIYANIE SEVERA,9250385,RUSSIA-EO14024,General Cargo,Russia,6577
SMP ARKHANGELSK,9240550,RUSSIA-EO14024,General Cargo,Russia,7752
SMP NOVODVINSK,9398046,RUSSIA-EO14024,General Cargo,Russia,4106
SMP SEVERODVINSK,9376440,RUSSIA-EO14024,General Cargo,Russia,4106
ADLER,9179854,RUSSIA-EO14024,Roll-on Roll-off,Russia,8811
TERIBERKA,8931748,RUSSIA-EO14024,Hopper Barge,Russia,643
ANGARA,9179842,RUSSIA-EO14024,Roll-on Roll-off,Russia,8811
ASCALON,9198226,RUSSIA-EO14024,Roll-on Roll-off,Russia,8821
POLAR ROCK,9116632,RUSSIA-EO14024,Crude Oil Tanker,Russia,56924
ENISEY,9079169,RUSSIA-EO14024,Bulk Carrier,Russia,27078
NP DIKSON,9255270,RUSSIA-EO14024,Chemical/Oil Tanker,Russia,15980
ANASTASIIA,9349291,RUSSIA-EO14024,General Cargo,Russia,9611
ASKAR-SARYDZHA,9082142,RUSSIA-EO14024,General Cargo,Russia,4991
SAPFIR,8700010,RUSSIA-EO14024,General Cargo,Russia,1853
GASRET ALIEV,9083330,RUSSIA-EO14024,General Cargo,Russia,4991
NP DUDINKA,9183831,RUSSIA-EO14024,Chemical/Oil Tanker,Russia,14400
RZK CONSTANTA,8711289,RUSSIA-EO14024,General Cargo,Russia,7095
SEVERNIY PROECT,9202053,RUSSIA-EO14024,General Cargo,Russia,13066
TRITON,7236141,RUSSIA-EO14024,Tug,Russia,161
GENRIKH GASANOV,9083196,RUSSIA-EO14024,General Cargo,Russia,4991
VIKTOR ZABELIN,9210256,RUSSIA-EO14024,General Cargo,Russia,6204
SIBERIA,9239458,RUSSIA-EO14024,Bulk Carrier,Russia,17665
TAIBOLA,9086253,RUSSIA-EO14024,General Cargo,Russia,8448
KOMPOZITOR GASANOV,8606628,RUSSIA-EO14024,Roll-on Roll-off,Russia,6894
TAIMYR,8821797,RUSSIA-EO14024,General Cargo,Russia,7949
TAMBEY,9014872,RUSSIA-EO14024,General Cargo,Russia,7949
LADY D,9349289,RUSSIA-EO14024,General Cargo,Russia,9611
TERSKIY BEREG,9081368,RUSSIA-EO14024,General Cargo,Russia,8448
TIKSY,8821802,RUSSIA-EO14024,General Cargo,Russia,7949
LADY MARIIA,9220641,RUSSIA-EO14024,Roll-on Roll-off,Russia,8831
TURUKHAN,9081332,RUSSIA-EO14024,General Cargo,Russia,8448
LADY R,9161003,RUSSIA-EO14024,Roll-on Roll-off,Russia,7260
MAIA-1,9358010,RUSSIA-EO14024,General Cargo,Russia,9611
OLGA,8700046,RUSSIA-EO14024,General Cargo,Russia,1853
UTRENNIY,9347059,RUSSIA-EO14024,General Cargo,Russia,12936
SABETTA,9347061,RUSSIA-EO14024,General Cargo,Russia,12936
PORT OLYA-1,9481922,RUSSIA-EO14024,General Cargo,Russia,4878
PORT OLYA-2,9481881,RUSSIA-EO14024,General Cargo,Russia,4878
RASUL GAMZATOV,8861058,RUSSIA-EO14024,General Cargo,Russia,4991
SONA,8700060,RUSSIA-EO14024,General Cargo,Russia,1853
VALENTIN EMIROV,8866591,RUSSIA-EO14024,General Cargo,Russia,4110
TERIBERKA,9081291,RUSSIA-EO14024,General Cargo,Russia,8448
GRACEFUL,1011551,RUSSIA-EO14024,Yacht,Russia,2685
OLYMPIA,1006960,RUSSIA-EO14024,Yacht,Cayman Islands,776
MADAME GU,1011331,UKRAINE-EO13661] [RUSSIA-EO14024,Yacht,Cayman Islands,2991
SHELLEST,,RUSSIA-EO14024,Yacht,Russia,
NEGA,,RUSSIA-EO14024,Yacht,Russia,
SUMMER 5,9204805,IRAN-EO13846,Chemical/Oil Tanker,Panama,
BS BRAVO,9294795,IRAN-EO13846,Chemical/Oil Tanker,Gabon,
NIRVANA,1011202,RUSSIA-EO14024,Yacht,Cayman Islands,
GLORY HARVEST,9143506,IRAN-EO13846,LPG Tanker,Panama,
AKOYA GAS,9142150,IRAN-EO13846,Chemical/Oil Tanker,Tanzania,
B LUMINOSA,9256016,SDGT,Oil Products Tanker,Djibouti,
ZEPHYR I,9255880,SDGT,Crude Oil Tanker,Panama,
BOCEANICA,9267132,SDGT,Oil Products Tanker,Djibouti,
RAIN DROP,9233208,SDGT,Crude Oil Tanker,Cook Islands,
ADISA,9304667,SDGT,Oil Products Tanker,Panama,
SAINT LIGHT,9194127,SDGT,Oil Products Tanker,Guyana,
ANATTA,1011159,RUSSIA-EO14024,Yacht,Cayman Islands,
IRIS MAKRAN,9486910,IRAN,Naval Auxiliary Vessel,Iran,
IRIS DENA,4743313,IRAN,Frigate,Iran,
DOLPHIN,9052331,IRAN-EO13846,LPG Tanker,Sao Tome and Principe,
LAUREN,9249685,IRAN-EO13846,LPG Tanker,Tuvalu,
GOLDEN BRIDGE,9218301,IRAN-EO13846,Bulk Carrier,Panama,
GOLDEN PHOENIX,9224790,IRAN-EO13846,Bulk Carrier,Panama,
JAMAICA,9230098,IRAN-EO13846,Crude Oil Tanker,Vietnam,
GOLDEN LIGHT 09,9445057,IRAN-EO13846,Bulk Carrier,Vietnam,
GAS CATHAR,9250505,IRAN-EO13846,LPG Tanker,Panama,
YONG XIANG 29,8744107,IRAN-EO13846,Chemical/Products Tanker,China,
FOREVER RICH,9203928,IRAN-EO13846,Chemical/Products Tanker,Hong Kong,
YONG XIN,9203930,IRAN-EO13846,Chemical/Products Tanker,Hong Kong,
LIANG SHENG,9526693,IRAN-EO13846,Chemical/Products Tanker,Hong Kong,
FULL STAR,9773301,IRAN-EO13846,Chemical/Products Tanker,Hong Kong,
AMIAS,9342786,IRAN-EO13846,Chemical/Products Tanker,Vietnam,
POLA HARITA,9888792,RUSSIA-EO14024,General Cargo,,
POLA DUDINKA,9190107,RUSSIA-EO14024,General Cargo,,
POLA SEVASTIANA,9691785,RUSSIA-EO14024,General Cargo,,
POLA MAKARIA,9849423,RUSSIA-EO14024,General Cargo,,
POLA FILOFEIA,9849435,RUSSIA-EO14024,General Cargo,,
POLA SOFIA,9849459,RUSSIA-EO14024,General Cargo,,
POLA FEODOSIA,9849461,RUSSIA-EO14024,General Cargo,,
POLA FIVA,9849473,RUSSIA-EO14024,General Cargo,,
POLA ANATOLIA,9851103,RUSSIA-EO14024,General Cargo,,
POLA ANFISA,9851115,RUSSIA-EO14024,General Cargo,,
POLA GALI,9851127,RUSSIA-EO14024,General Cargo,,
POLA MIROPIA,9903877,RUSSIA-EO14024,General Cargo,,
ASTROL-1,9906544,RUSSIA-EO14024,General Cargo,,
POLA PELAGIA,9888807,RUSSIA-EO14024,General Cargo,,
ALEKSANDR SOKOLOV,9889198,RUSSIA-EO14024,General Cargo,,
POLA ANASTASIA,9897690,RUSSIA-EO14024,General Cargo,,
POLA MARIA,9897705,RUSSIA-EO14024,General Cargo,,
POLA YAROSLAVA,9903827,RUSSIA-EO14024,General Cargo,,
POLA VARVARA,9903839,RUSSIA-EO14024,General Cargo,,
POLA AGATA,9903841,RUSSIA-EO14024,General Cargo,,
POLA ALEXIA,9903853,RUSSIA-EO14024,General Cargo,,
POLA MARINA,9903865,RUSSIA-EO14024,General Cargo,,
BALTIYSK,8318130,RUSSIA-EO14024,Roll-on Roll-off,Russia,
AVRORA ALTAIR,9300348,RUSSIA-EO14024,Oil Products Tanker,Russia,
AVRORA REGUL,9300350,RUSSIA-EO14024,Oil Products Tanker,Russia,
AVRORA SIRIUS,9313589,RUSSIA-EO14024,Oil Products Tanker,Russia,
NAVIS 6,9868807,RUSSIA-EO14024,General Cargo,Russia,
PETROTRANS 5902,9900514,RUSSIA-EO14024,General Cargo,Russia,
VLADIMIR LATYSHEV,9921996,RUSSIA-EO14024,General Cargo,Russia,
VICTOR ANDRYUKHIN,9922110,RUSSIA-EO14024,General Cargo,Russia,
LEONID PESTRIKOV,9922122,RUSSIA-EO14024,General Cargo,Russia,
NIKOLAI LEONOV,9922134,RUSSIA-EO14024,General Cargo,Russia,
ALPHA HELIOS,9924340,RUSSIA-EO14024,General Cargo,Russia,
ALPHA HERMES,9924352,RUSSIA-EO14024,General Cargo,Russia,
ALEXANDR DEEV,9940186,RUSSIA-EO14024,Passenger,Russia,
NIKOLAY ANISHCHENKOV,9942392,RUSSIA-EO14024,General Cargo,Russia,
ALARA,9741724,RUSSIA-EO14024,Bulk Carrier,Turkey,
IPSALA,9759666,RUSSIA-EO14024,Bulk Carrier,Turkey,
ULA,9780940,RUSSIA-EO14024,Bulk Carrier,Turkey,
IVAN KIREEV,7423275,RUSSIA-EO14024,Research Vessel,Russia,
ALEKSEY MARYSHEV,8909329,RUSSIA-EO14024,Research Vessel,Russia,
GRIGORIY MIKHEYEV,8909331,RUSSIA-EO14024,Passenger,Russia,
YURI BABAEV,9912696,RUSSIA-EO14024,Research Vessel,Russia,
PAWELL,8315499,RUSSIA-EO14024,General Cargo,Syria,
SASCO ALDAN,9358034,RUSSIA-EO14024,General Cargo,Russia,
SASCO AVACHA,9246140,RUSSIA-EO14024,Container Ship,Russia,
SASCO ANGARA,9242986,RUSSIA-EO14024,Container Ship,Russia,
SASCO ANIVA,9255402,RUSSIA-EO14024,Container Ship,Russia,
PATRIA,9159921,RUSSIA-EO14024,Roll-on Roll-off,Russia,
ZEYA,9118355,RUSSIA-EO14024,Container Ship,Russia,
KUNASHIR,9142588,RUSSIA-EO14024,General Cargo,Russia,
PARAMUSHIR,9190286,RUSSIA-EO14024,General Cargo,Russia,
SELENGA,8714657,RUSSIA-EO14024,General Cargo,Russia,
SHANTAR,9190274,RUSSIA-EO14024,General Cargo,Russia,
SIMUSHIR,9179385,RUSSIA-EO14024,General Cargo,Russia,
SAKHALIN 8,8330516,RUSSIA-EO14024,Passenger,Russia,
SAKHALIN 9,8728543,RUSSIA-EO14024,Passenger,Russia,
SAKHALIN 10,8857667,RUSSIA-EO14024,Passenger,Russia,
KORYAK FSU,9915105,RUSSIA-EO14024,Floating Storage Tanker,Panama,
SAAM FSU,9915090,RUSSIA-EO14024,Floating Storage Tanker,Panama,
KAZAN,9258002,RUSSIA-EO14024,Crude Oil Tanker,Liberia,
SCF PRIMORYE,9421960,RUSSIA-EO14024,Crude Oil Tanker,Liberia,
LIGOVSKY PROSPECT,9256066,RUSSIA-EO14024,Crude Oil Tanker,Liberia,
NS CENTURY,9306782,RUSSIA-EO14024,Crude Oil Tanker,Liberia,
NS CHAMPION,9299719,RUSSIA-EO14024,Crude Oil Tanker,Liberia,
VIKTOR BAKAEV,9610810,RUSSIA-EO14024,Crude Oil Tanker,Liberia,
HS ATLANTICA,9322839,RUSSIA-EO14024,Crude Oil Tanker,Liberia,
CAPTAIN YAKUBOVICH,8318740,RUSSIA-EO14024,General Cargo,Russia,
MARIA,8517839,RUSSIA-EO14024,General Cargo,Russia,
ARKADIY CHERNYSHEV,8714695,RUSSIA-EO14024,General Cargo,Russia,
ANATOLY KOLODKIN,9610808,RUSSIA-EO14024,Crude Oil Tanker,Panama,
NS ANTARCTIC,9413559,RUSSIA-EO14024,Crude Oil Tanker,Gabon,
NS LION,9339313,RUSSIA-EO14024,Crude Oil Tanker,Gabon,
GEORGY MASLOV,9610793,RUSSIA-EO14024,Crude Oil Tanker,Gabon,
NS CONSUL,9341093,RUSSIA-EO14024,Crude Oil Tanker,Gabon,
NS BURGAS,9411020,RUSSIA-EO14024,Crude Oil Tanker,Gabon,
NS CAPTAIN,9341067,RUSSIA-EO14024,Crude Oil Tanker,Gabon,
NS COLUMBUS,9312884,RUSSIA-EO14024,Crude Oil Tanker,Gabon,
SAKHALIN ISLAND,9249128,RUSSIA-EO14024,Crude Oil Tanker,Panama,
NEVSKIY PROSPECT,9256054,RUSSIA-EO14024,Crude Oil Tanker,Gabon,
LITEYNY PROSPECT,9256078,RUSSIA-EO14024,Crude Oil Tanker,Gabon,
KRYMSK,9270529,RUSSIA-EO14024,Crude Oil Tanker,Gabon,
SANAR 15,9777670,RUSSIA-EO14024,Oil Products Tanker,Russia,
NS CREATION,9312896,RUSSIA-EO14024,Crude Oil Tanker,Gabon,
NS BRAVO,9412359,RUSSIA-EO14024,Crude Oil Tanker,Gabon,
MEHLE,9191711,SDGT,Crude Oil Tanker,Panama,
SINCERE 02,9226011,SDGT,Oil Products Tanker,Kiribati,
ARISTO,9327413,RUSSIA-EO14024,Chemical/Products Tanker,Liberia,
HAI II,9259599,RUSSIA-EO14024,Crude Oil Tanker,Liberia,
HS ARGE,9299745,RUSSIA-EO14024,Crude Oil Tanker,Liberia,
HS BURAQ,9381732,RUSSIA-EO14024,Products Tanker,Liberia,
HS ESBERG,9410894,RUSSIA-EO14024,Products Tanker,Liberia,
HS EVERETT,9410870,RUSSIA-EO14024,Crude Oil Tanker,Liberia,
HS GLORY,9249087,RUSSIA-EO14024,Crude Oil Tanker,Liberia,
HS STAR,9274446,RUSSIA-EO14024,Crude Oil Tanker,Liberia,
LA PRIDE,9274616,RUSSIA-EO14024,Crude Oil Tanker,Liberia,
MONA,9314818,RUSSIA-EO14024,Chemical/Oil Tanker,Liberia,
NELLIS,9322267,RUSSIA-EO14024,Chemical/Oil Tanker,Liberia,
OSPEROUS,9412995,RUSSIA-EO14024,Crude Oil Tanker,Liberia,
PERIA,9322827,RUSSIA-EO14024,Crude Oil Tanker,Liberia,
SARA II,9301615,RUSSIA-EO14024,Chemical/Oil Tanker,Liberia,
SENSUS,9296585,RUSSIA-EO14024,Products Tanker,Liberia,
UZE,9323338,RUSSIA-EO14024,Chemical/Oil Tanker,Liberia,
HS LEGEND,9381744,RUSSIA-EO14024,Crude Oil Tanker,Liberia,
BENDIGO,9289491,IRAN-EO13846,Crude Oil Tanker,Barbados,
PARINE,9257503,IRAN-EO13846,Crude Oil Tanker,Barbados,
ROAD,9229362,IRAN-EO13846,Crude Oil Tanker,Barbados,
BERENICE PRIDE,9216559,IRAN-EO13846,Oil Products Tanker,Panama,
HARMONY,8400945,IRAN-EO13846,Tug,Comoros,
EURO VIKING,9309239,IRAN-EO13846,Chemical/Oil Tanker,St. Kitts and Nevis,
EURO FORTUNE,9281554,IRAN-EO13846,Chemical/Oil Tanker,St. Kitts and Nevis,
ARABIAN ENERGY,9417490,IRAN-EO13846,Chemical/Products Tanker,Panama,
ASTRA,9162928,IRAN-EO13846,Chemical/Products Tanker,Gabon,
BALTIC HORIZON,9263382,IRAN-EO13846,Chemical/Products Tanker,Panama,
NILE,9411288,IRAN-EO13846,Chemical/Products Tanker,Cook Islands,
YAMUNA,9572111,IRAN-EO13846,Oil Products Tanker,Cook Islands,
NS LEADER,9339301,RUSSIA-EO14024,Crude Oil Tanker,Gabon,
OLYMPICS,9212759,SDGT,Crude Oil Tanker,Guyana,
YORGOS,9150365,SDGT,Crude Oil Tanker,Sint Maarten,
ALIREZA 1,6703769,RUSSIA-EO14024,General Cargo,Russia,1972
BALTIYSKIY-111,7612448,RUSSIA-EO14024,General Cargo,Russia,1926
SKIF-V,8858087,RUSSIA-EO14024,General Cargo,Russia,2463
AKADEMIK ALEKSANDR KARPINSKIY,8227238,RUSSIA-EO14024,Research Vessel,Russia,
PROFESSOR LOGACHEV,8834691,RUSSIA-EO14024,Research Vessel,Russia,
AKADEMIK PRIMAKOV,9187514,RUSSIA-EO14024,Research Vessel,Russia,
AKADEMIK LAZEREV,8408985,RUSSIA-EO14024,Research Vessel,Russia,
AKADEMIK NEMCHINOV,8409032,RUSSIA-EO14024,Research Vessel,Russia,
PROFESSOR RYABINKIN,8504923,RUSSIA-EO14024,Research Vessel,Russia,
BAVENIT,8406573,RUSSIA-EO14024,Drilling Ship,Russia,
GELENDZHIK,8826230,RUSSIA-EO14024,Research Vessel,Russia,
YUZHMORGEOLOGIYA,8724482,RUSSIA-EO14024,Research Vessel,Russia,
KOHANA,9254082,SDGT,Crude Oil Tanker,Panama,
RENEEZ,9232450,SDGT,Crude Oil Tanker,Palau,
MOONBAY,9230907,SDGT,Crude Oil Tanker,Guyana,
DAWN II,9185530,SDGT,Crude Oil Tanker,Panama,
HECATE,9233753,SDGT,Crude Oil Tanker,Comoros,
SIRI,9281683,SDGT,Crude Oil Tanker,Comoros,
BOREAS,9248497,SDGT,Crude Oil Tanker,Comoros,
CAPE GAS,9002491,SDGT,LPG Tanker,Comoros,
CALYPSO GAS,9131101,SDGT,LPG Tanker,Antigua and Barbuda,
MERAKI,9194139,SDGT,Crude Oil Tanker,Antigua and Barbuda,
ELSA,9256468,SDGT,Crude Oil Tanker,Belize,
DEMETER,9258674,SDGT,Oil Products Tanker,Panama,
HEBE,9259185,SDGT,Crude Oil Tanker,Comoros,
BAXTER,9282522,SDGT,Oil Products Tanker,Belize,
GLAUCUS,9337389,SDGT,Crude Oil Tanker,Comoros,
OUREA,9350422,SDGT,LPG Tanker,Cook Islands,
OCEANUS GAS,9397080,SDGT,LPG Tanker,Comoros,
LA PEARL,9174660,SDGT,Crude Oil Tanker,Tanzania,
CHEM,9240914,SDGT,Chemical/Products Tanker,Cook Islands,
DANCY DYNAMIC,9158161,SDGT,Oil Products Tanker,Palau,
K M A,9234616,SDGT,Chemical/Products Tanker,Cook Islands,
CONRAD,9546722,SDGT,Oil Products Tanker,Cook Islands,
AUDAX,9763837,RUSSIA-EO14024,Heavy Lift Vessel,Singapore,
PUGNAX,9763849,RUSSIA-EO14024,Heavy Lift Vessel,Singapore,
ARCTICA 1,9228980,RUSSIA-EO14024,General Cargo,Russia,
MYS ZHELANIYA,9366110,RUSSIA-EO14024,General Cargo,Russia,
VASILY LANOVOY,9621601,RUSSIA-EO14024,Chemical/Products Tanker,Russia,
HUNTER STAR,9830769,RUSSIA-EO14024,Heavy Lift Vessel,Panama,
NAN FENG ZHI XING,9934498,RUSSIA-EO14024,Heavy Lift Vessel,Panama,
ARCTICA 2,9243801,RUSSIA-EO14024,General Cargo,Russia,
BERING,9267297,RUSSIA-EO14024,General Cargo,Russia,
MYS FLORA,9433286,RUSSIA-EO14024,Bulk Carrier,Russia,
MYS DEZHNEVA,9368340,RUSSIA-EO14024,General Cargo,Russia,
BARENTS,9278600,RUSSIA-EO14024,General Cargo,Russia,
ANDREY OSIPOV,8711306,RUSSIA-EO14024,General Cargo,Russia,
MIKHAIL BRITNEV,9081370,RUSSIA-EO14024,General Cargo,Russia,
MYS SHMIDTA,9243825,RUSSIA-EO14024,General Cargo,Russia,
MANGAZEYA,7741108,RUSSIA-EO14024,Fish Carrier,Russia,
JANET,9220952,SDGT,Crude Oil Tanker,Panama,
BELLA 1,9230880,SDGT,Crude Oil Tanker,Panama,
SERGEI WITTE,9904687,RUSSIA-EO14024,LNG Carrier,Russia,
ALEXEY KOSYGIN,9904546,RUSSIA-EO14024,LNG Carrier,Russia,
PYOTR STOLYPIN,9904675,RUSSIA-EO14024,LNG Carrier,Russia,
ZVEZDA 044,9904699,RUSSIA-EO14024,LNG Carrier,Russia,
ZVEZDA 047,9918781,RUSSIA-EO14024,LNG Carrier,Russia,
ZVEZDA 046,9918779,RUSSIA-EO14024,LNG Carrier,Russia,
ZVEZDA 045,9904704,RUSSIA-EO14024,LNG Carrier,Russia,
WANJI,9215103,SDGT,Chemical/Products Tanker,Panama,
OCEANIC II,9275995,SDGT,Products Tanker,Hong Kong,
TIREX,9203772,SDGT,Crude Oil Tanker,Panama,
MIROVA DYNAMIC,9237618,SDGT,Crude Oil Tanker,Unknown,
KASPER,9293143,SDGT,Crude Oil Tanker,Panama,
RAHA GAS,8818219,SDGT,LPG Tanker,Palau,
DIVINE POWER,9171357,SDGT,Chemical/Products Tanker,Palau,
LPG OM,9160475,SDGT,LPG Tanker,Palau,
TINOS I,9969821,IRAN-EO13902,LPG Tanker,Panama,
NORTH SKY,9953523,RUSSIA-EO14024,LNG Carrier,Panama,
NORTH AIR,9953509,RUSSIA-EO14024,LNG Carrier,Panama,
NORTH MOUNTAIN,9953511,RUSSIA-EO14024,LNG Carrier,Panama,
NORTH WAY,9953535,RUSSIA-EO14024,LNG Carrier,Panama,
FENGSHUN,9007386,SDGT,LPG Tanker,Eswatini,
VICTORIA,9113379,SDGT,LPG Tanker,Sao Tome and Principe,
LADY LIBERTY,9005065,SDGT,LPG Tanker,Sao Tome and Principe,
PARVATI,8519966,SDGT,LPG Tanker,Panama,
ALPHA GAS,8817693,SDGT,,Tanzania,
PIONEER,9256602,RUSSIA-EO14024,LNG Carrier,Republic of Palau,
MARINA,9005493,SDGT,,Tanzania,
ASYA ENERGY,9216298,RUSSIA-EO14024,LNG Carrier,Republic of Palau,
EVEREST ENERGY,9243148,RUSSIA-EO14024,LNG Carrier,Republic of Palau,
BORIS KUSTODIEV,9103817,RUSSIA-EO14024,General Cargo,Russia,
PORT OLYA-4,9481934,RUSSIA-EO14024,General Cargo,Russia,
PORT OLYA-3,9481910,RUSSIA-EO14024,General Cargo,Russia,
KOMPOZITOR RAKHMANINOV,8606616,RUSSIA-EO14024,Roll-on Roll-off,Russia,
VAFA,8422670,RUSSIA-EO14024,General Cargo,Russia,1575
VAFA-1,8422682,RUSSIA-EO14024,General Cargo,Russia,1570
OMSKIY-103,8889385,RUSSIA-EO14024,General Cargo,Russia,2458
OMSKIY-119,8926913,RUSSIA-EO14024,General Cargo,Russia,2463
ZAKAMSK,8951413,RUSSIA-EO14024,General Cargo,Russia,2406
NEW ENERGY,9324277,RUSSIA-EO14024,LNG Carrier,Republic of Palau,
MULAN,9864837,RUSSIA-EO14024,LNG Carrier,Republic of Palau,
ETERNAL SUCCESS,9307633,SDGT,Crude Oil Tanker,Panama,
ETERNAL PEACE,9259745,SDGT,Crude Oil Tanker,Panama,
ETERNAL 8,9232448,SDGT,Crude Oil Tanker,Panama,
CONFIDENCE P,9178044,SDGT,Crude/Oil Products Tanker,Panama,
TIYARA,9231224,SDGT,Crude Oil Tanker,,
SERENE I,9197832,SDGT,Crude Oil Tanker,Panama,
NOVA,9141259,SDGT,Crude/Oil Products Tanker,Sao Tome and Principe,
RIVAL,9117818,SDGT,Chemical/Products Tanker,Panama,
FENG TAI,9248473,SDGT,Crude Oil Tanker,Panama,
IZUMO,9249324,SDGT] [IFSR,Crude Oil Tanker,Gabon,
FRUNZE,9263643,SDGT] [IFSR,Crude Oil Tanker,Cook Islands,
CRYSTAL ROSE,9292228,IRAN-EO13846,Crude Oil Tanker,Panama,
LUNA PRIME,9174220,IRAN-EO13846,Crude Oil Tanker,Panama,
CARINA,9240512,IRAN-EO13846,Crude Oil Tanker,Barbados,
ELZA,9221671,IRAN-EO13846,Crude Oil Tanker,Liberia,
SALVIA,9297319,IRAN-EO13846,Crude Oil Tanker,San Marino,
CARNATIC,9304655,IRAN-EO13846,Crude Oil Tanker,Barbados,
SATINA,9308778,IRAN-EO13846,Products Tanker,Panama,
AVENTUS I,9280873,IRAN-EO13846,Crude Oil Tanker,Panama,
DIMITRA II,9208215,IRAN-EO13846,Crude Oil Tanker,San Marino,
DAVINA,9259367,IRAN-EO13846,Crude Oil Tanker,Palau,
SPIRIT OF CASPER,9224271,IRAN-EO13846,Crude Oil Tanker,Panama,
TYCHE I,9247390,IRAN-EO13846,Crude Oil Tanker,Panama,
CROSS OCEAN,9251810,IRAN-EO13846,Crude Oil Tanker,Panama,
GOODWIN,9379703,IRAN-EO13846,Crude Oil Tanker,Cook Islands,
ANHONA,9354521,IRAN-EO13846,Oil Products Tanker,Belize,
WEN YAO,9288095,IRAN-EO13846,Crude Oil Tanker,Cook Islands,
BERG 1,9262168,IRAN-EO13846,Crude Oil Tanker,Panama,
VORAS,9203265,IRAN-EO13846,Crude Oil Tanker,Cameroon,
HORNET,9197844,IRAN-EO13846,Crude Oil Tanker,Eswatini,
SHANAYE QUEEN,9242118,IRAN-EO13846,Crude Oil Tanker,Malaysia,
CAROL,9070072,IRAN-EO13846,LPG Tanker,St. Kitts and Nevis,
OCTANS,9224295,IRAN-EO13846,Crude Oil Tanker,Sao Tome and Principe,
MARBEL,9220938,SDGT,Chemical/Oil Tanker,Cook Islands,
KUKKI,9247388,SDGT,Chemical/Oil Tanker,Barbados,
TROPHY,9220940,SDGT,Chemical/Oil Tanker,Cook Islands,
ONYX,9252400,SDGT,Products Tanker,Cook Islands,
GRATIA,9260055,SDGT,Chemical/Oil Tanker,Palau,
JUVENIS,9260067,SDGT,Chemical/Oil Tanker,Palau,
KAPOK,9315654,SDGT,Crude Oil Tanker,Panama,
TONIL,9307932,IRAN-EO13902,Crude Oil Tanker,Panama,
CERES I,9229439,IRAN-EO13902,Crude Oil Tanker,Sao Tome and Principe,
FIONA II,9262766,IRAN-EO13902,Crude Oil Tanker,Panama,
YURI,9235737,IRAN-EO13902,Crude Oil Tanker,Cook Islands,
LADY LUCY,9341512,IRAN-EO13902,Chemical/Products Tanker,Liberia,
ELVA,9196644,IRAN-EO13902,Crude Oil Tanker,Sao Tome and Principe,
JAYA,9410387,IRAN-EO13902,Crude Oil Tanker,Marshall Islands,
MASAL,9169421,IRAN-EO13902,Crude Oil Tanker,Iran,
FT ISLAND,9166675,IRAN-EO13902,Crude Oil Tanker,Honduras,
PHONIX,9198317,IRAN-EO13902,Crude Oil Tanker,Guyana,
LARA II,9321421,IRAN-EO13902,Oil Products Tanker,Panama,
RIO NAPO,9256913,IRAN-EO13902,Chemical/Oil Tanker,Cook Islands,
OLIVE,9288265,IRAN-EO13902,Crude Oil Tanker,Cook Islands,
BLACK PANTHER,9285756,IRAN-EO13902,Chemical/Products Tanker,Panama,
LIONESS,9285744,IRAN-EO13902,Chemical/Products Tanker,Panama,
BERTHA,9292163,IRAN-EO13902,Crude Oil Tanker,Cook Islands,
MIN HANG,9257137,UKRAINE-EO13662] [IRAN-EO13902] [RUSSIA-EO14024,Crude Oil Tanker,Cook Islands,
VESNA,9233349,UKRAINE-EO13662] [IRAN-EO13902] [RUSSIA-EO14024,Crude Oil Tanker,Belize,
MEROPE,9281891,UKRAINE-EO13662] [IRAN-EO13902] [RUSSIA-EO14024,Crude Oil Tanker,Panama,
VERONICA III,9326055,IRAN-EO13902,Crude Oil Tanker,Panama,
CAPTAIN KOSTICHEV,9301392,UKRAINE-EO13662] [RUSSIA-EO14024,Crude Oil Tanker,Panama,
KAPITAN GOTSKY,9372559,UKRAINE-EO13662] [RUSSIA-EO14024,Shuttle Tanker,Russia,
KIRILL LAVROV,9333682,UKRAINE-EO13662] [RUSSIA-EO14024,Crude Oil Tanker,Russia,
MIKHAIL LAZAREV,9837547,UKRAINE-EO13662] [RUSSIA-EO14024,Shuttle Tanker,Russia,
MIKHAIL ULYANOV,9333670,UKRAINE-EO13662] [RUSSIA-EO14024,Crude Oil Tanker,Russia,
NIKOLAY ZADORNOV,9901037,UKRAINE-EO13662] [RUSSIA-EO14024,Crude Oil Tanker,Panama,
OKEANSKY PROSPECT,9866380,UKRAINE-EO13662] [RUSSIA-EO14024,Crude Oil Tanker,Russia,
PATHFINDER,9577094,UKRAINE-EO13662] [RUSSIA-EO14024,Crude Oil Tanker,Barbados,
PAVEL CHERNYSH,9301380,UKRAINE-EO13662] [RUSSIA-EO14024,Crude Oil Tanker,Panama,
SIRIUS,9422445,UKRAINE-EO13662] [RUSSIA-EO14024,Crude Oil Tanker,Barbados,
SHTURMAN ALBANOV,9752084,UKRAINE-EO13662] [RUSSIA-EO14024,Crude Oil Tanker,Russia,
SHTURMAN OVTSYN,9752101,UKRAINE-EO13662] [RUSSIA-EO14024,Crude Oil Tanker,Russia,
SHTURMAN MALYGIN,9752096,UKRAINE-EO13662] [RUSSIA-EO14024,Crude Oil Tanker,Russia,
TIMOFEY GUZHENKO,9372561,UKRAINE-EO13662] [RUSSIA-EO14024,Crude Oil Tanker,Russia,
VASILY DINKOV,9372547,UKRAINE-EO13662] [RUSSIA-EO14024,Crude Oil Tanker,Russia,
VICTOR KONETSKY,9301421,UKRAINE-EO13662] [RUSSIA-EO14024,Shuttle Tanker,Panama,
VIKTOR TITOV,9301407,UKRAINE-EO13662] [RUSSIA-EO14024,Crude Oil Tanker,Panama,
ZALIV AMERIKA,9354301,UKRAINE-EO13662] [RUSSIA-EO14024,Crude Oil Tanker,Panama,
ZALIV BAIKAL,9360128,UKRAINE-EO13662] [RUSSIA-EO14024,Shuttle Tanker,Panama,
ZALIV VOSTOK,9360130,UKRAINE-EO13662] [RUSSIA-EO14024,Crude Oil Tanker,Panama,
BORAY,9198783,UKRAINE-EO13662] [RUSSIA-EO14024,Chemical/Oil Tanker,Russia,
SANAR 7,9211999,UKRAINE-EO13662] [RUSSIA-EO14024,Crude Oil Tanker,Russia,
SANAR 8,9212008,UKRAINE-EO13662] [RUSSIA-EO14024,Crude Oil Tanker,Russia,
DIGNITY,9283241,UKRAINE-EO13662] [RUSSIA-EO14024,Crude Oil Tanker,Russia,
UMBA,9196620,UKRAINE-EO13662] [RUSSIA-EO14024,Floating Storage Tanker,Russia,
BUK,9201994,UKRAINE-EO13662] [RUSSIA-EO14024,Tug,Russia,
VYAZ,9804057,UKRAINE-EO13662] [RUSSIA-EO14024,Tug,Russia,
TIS,9817779,UKRAINE-EO13662] [RUSSIA-EO14024,Tug,Russia,
KOLA,9217979,UKRAINE-EO13662] [RUSSIA-EO14024,Floating Storage Tanker,Russia,
PANDA,9284582,UKRAINE-EO13662] [IRAN-EO13846] [RUSSIA-EO14024,Crude Oil Tanker,Guyana,
IVY,9337133,UKRAINE-EO13662] [IRAN-EO13846] [RUSSIA-EO14024,Crude Oil Tanker,Vietnam,
LEOPARD,9284594,UKRAINE-EO13662] [RUSSIA-EO14024,Crude Oil Tanker,Vietnam,
OWENS,9223540,UKRAINE-EO13662] [RUSSIA-EO14024,LPG Tanker,Panama,
ALEXANDER BEGGROV,9876373,UKRAINE-EO13662] [RUSSIA-EO14024,Products Tanker,Russia,
ALEXEY BOGOLYUBOV,9876361,UKRAINE-EO13662] [RUSSIA-EO14024,Products Tanker,Russia,
ARIADNE,9397547,UKRAINE-EO13662] [RUSSIA-EO14024,Chemical/Oil Tanker,Barbados,
DIAMOND,9385142,UKRAINE-EO13662] [RUSSIA-EO14024,Chemical/Oil Tanker,Barbados,
IVAN AIVAZOVSKY,9876359,UKRAINE-EO13662] [RUSSIA-EO14024,Products Tanker,Russia,
JUPITER,9397535,UKRAINE-EO13662] [RUSSIA-EO14024,Chemical/Oil Tanker,Barbados,
NS PRIDE,9322956,UKRAINE-EO13662] [RUSSIA-EO14024,Chemical/Oil Tanker,Gabon,
VANITY,9371608,IRAN-EO13902,Crude Oil Tanker,San Marino,
NS SILVER,9309576,UKRAINE-EO13662] [RUSSIA-EO14024,Chemical/Oil Tanker,Panama,
PREMIER,9577082,UKRAINE-EO13662] [RUSSIA-EO14024,Products Tanker,Barbados,
ARIA,9397559,UKRAINE-EO13662] [RUSSIA-EO14024,Chemical/Oil Tanker,Barbados,
TANGO,9292058,UKRAINE-EO13662] [RUSSIA-EO14024,Products Tanker,Barbados,
FJORD SEAL,9513139,UKRAINE-EO13662] [RUSSIA-EO14024,Crude Oil Tanker,Panama,
TALISMAN,9292060,UKRAINE-EO13662] [RUSSIA-EO14024,Products Tanker,Barbados,
CORUM,9544281,UKRAINE-EO13662] [RUSSIA-EO14024,Products Tanker,Panama,
TOPAZ,9292034,UKRAINE-EO13662] [RUSSIA-EO14024,Products Tanker,Barbados,
SALTY WOLF,9530917,UKRAINE-EO13662] [RUSSIA-EO14024,Crude Oil Tanker,Panama,
SAKARYA,9524463,UKRAINE-EO13662] [RUSSIA-EO14024,Crude Oil Tanker,Panama,
TRUST,9382798,UKRAINE-EO13662] [RUSSIA-EO14024,Products Tanker,Barbados,
SABLE,9524451,UKRAINE-EO13662] [RUSSIA-EO14024,Crude Oil Tanker,Panama,
TRIUMPH,9344033,UKRAINE-EO13662] [RUSSIA-EO14024,Products Tanker,Barbados,
CANKIRI,9411331,UKRAINE-EO13662] [RUSSIA-EO14024,Crude Oil Tanker,Panama,
ELEGANCE,9383950,UKRAINE-EO13662] [RUSSIA-EO14024,Crude Oil Tanker,Panama,
UNIVERSAL,9384306,UKRAINE-EO13662] [RUSSIA-EO14024,Chemical/Oil Tanker,Barbados,
VENTURE,9832547,UKRAINE-EO13662] [RUSSIA-EO14024,Crude Oil Tanker,Panama,
VALOUR,9832559,UKRAINE-EO13662] [RUSSIA-EO14024,Products Tanker,Panama,
SAMSUN,9436006,UKRAINE-EO13662] [RUSSIA-EO14024,Crude Oil Tanker,Panama,
SIVAS,9419137,UKRAINE-EO13662] [RUSSIA-EO14024,Crude Oil Tanker,Panama,
ORIENT VISION,9673202,UKRAINE-EO13662] [RUSSIA-EO14024,Bulk Carrier,Panama,
DEYNA,9299903,UKRAINE-EO13662] [RUSSIA-EO14024,Crude Oil Tanker,Panama,
ORIENT HARMONY,9620633,UKRAINE-EO13662] [RUSSIA-EO14024,Bulk Carrier,Panama,
SIRIUS 1,9285847,UKRAINE-EO13662] [RUSSIA-EO14024,Crude Oil Tanker,Panama,
TURACO,9247780,UKRAINE-EO13662] [RUSSIA-EO14024,Crude Oil Tanker,Panama,
GAZPROMNEFT ZUID EAST,9537109,UKRAINE-EO13662] [RUSSIA-EO14024,Chemical/Oil Tanker,Russia,
OMSK,9418509,UKRAINE-EO13662] [RUSSIA-EO14024,Chemical/Oil Tanker,Russia,
TYMEN,9422653,UKRAINE-EO13662] [RUSSIA-EO14024,Chemical/Oil Tanker,Russia,
OLANGA,9286463,UKRAINE-EO13662] [RUSSIA-EO14024,Products Tanker,Russia,
MURMANSK,9167930,UKRAINE-EO13662] [RUSSIA-EO14024,Chemical/Oil Tanker,Russia,
DMITRY MENDELEEV,9888182,UKRAINE-EO13662] [RUSSIA-EO14024,Bunkering Tanker,Russia,
SHTURMAN KOSHELEV,9759939,UKRAINE-EO13662] [RUSSIA-EO14024,Products Tanker,Russia,
SHTURMAN SHCHERBININ,9759927,UKRAINE-EO13662] [RUSSIA-EO14024,Products Tanker,Russia,
SHTURMAN SKURATOV,9759915,UKRAINE-EO13662] [RUSSIA-EO14024,Products Tanker,Russia,
GAZPROMNEFT NORDWEST,9590137,UKRAINE-EO13662] [RUSSIA-EO14024,Chemical/Products Tanker,Russia,
CALLISTO,9299692,UKRAINE-EO13662] [RUSSIA-EO14024,Crude Oil Tanker,Barbados,
CHRISTOPHE DE MARGERIE,9737187,UKRAINE-EO13662] [RUSSIA-EO14024,LNG Carrier,Panama,
LEO,9412347,UKRAINE-EO13662] [RUSSIA-EO14024,Crude Oil Tanker,Barbados,
LIBERTY,9339325,UKRAINE-EO13662] [RUSSIA-EO14024,Crude Oil Tanker,Barbados,
NEREUS SOPHIA,9266853,UKRAINE-EO13662] [RUSSIA-EO14024,Crude Oil Tanker,Panama,
MOSKOVSKY PROSPECT,9511521,UKRAINE-EO13662] [RUSSIA-EO14024,Crude Oil Tanker,Gabon,
NURKEZ,9253325,UKRAINE-EO13662] [RUSSIA-EO14024,Crude Oil Tanker,Panama,
OLIA,9268112,UKRAINE-EO13662] [IRAN-EO13846] [RUSSIA-EO14024,Crude Oil Tanker,Unknown,
BOLERO,9412335,UKRAINE-EO13662] [RUSSIA-EO14024,Crude Oil Tanker,Barbados,
PSKOV,9630028,UKRAINE-EO13662] [RUSSIA-EO14024,LNG Carrier,Barbados,
RIGEL,9511533,UKRAINE-EO13662] [RUSSIA-EO14024,Crude Oil Tanker,Barbados,
SAGA,9318553,UKRAINE-EO13662] [RUSSIA-EO14024,Chemical/Oil Tanker,Barbados,
AMBER 6,9235713,UKRAINE-EO13662] [RUSSIA-EO14024,Crude Oil Tanker,Panama,
OLIVIA,9233741,UKRAINE-EO13662] [RUSSIA-EO14024,Crude Oil Tanker,Sierra Leone,
PYTHON,9250531,UKRAINE-EO13662] [RUSSIA-EO14024,Crude Oil Tanker,Barbados,
AQUATICA,9299769,UKRAINE-EO13662] [RUSSIA-EO14024,Crude Oil Tanker,Panama,
APUS,9280885,UKRAINE-EO13662] [RUSSIA-EO14024,Crude Oil Tanker,Panama,
AQUILA II,9281152,UKRAINE-EO13662] [RUSSIA-EO14024,Crude Oil Tanker,Panama,
SERENADE,9318541,UKRAINE-EO13662] [RUSSIA-EO14024,Chemical/Oil Tanker,Barbados,
EMILY S,9321847,UKRAINE-EO13662] [RUSSIA-EO14024,Crude Oil Tanker,Panama,
ATTICA,9436941,UKRAINE-EO13662] [RUSSIA-EO14024,Crude Oil Tanker,Gabon,
HEIDI A,9321976,UKRAINE-EO13662] [RUSSIA-EO14024,Crude Oil Tanker,Panama,
SUCCESS,9333436,UKRAINE-EO13662] [RUSSIA-EO14024,Products Tanker,Barbados,
LAUREN II,9258521,UKRAINE-EO13662] [RUSSIA-EO14024,Crude Oil Tanker,Panama,
M SOPHIA,9289477,UKRAINE-EO13662] [RUSSIA-EO14024,Crude Oil Tanker,Panama,
MINERVA M,9282479,UKRAINE-EO13662] [RUSSIA-EO14024,Crude Oil Tanker,Panama,
SAGITTA,9296822,UKRAINE-EO13662] [RUSSIA-EO14024,Crude Oil Tanker,Panama,
VELIKIY NOVGOROD,9630004,UKRAINE-EO13662] [RUSSIA-EO14024,LNG Carrier,Barbados,
TASCA,9313149,UKRAINE-EO13662] [IRAN-EO13846] [RUSSIA-EO14024,Crude Oil Tanker,Unknown,
BOREY G,9199127,UKRAINE-EO13662] [RUSSIA-EO14024,Products Tanker,Panama,
VOSTOCHNY PROSPECT,9866392,UKRAINE-EO13662] [RUSSIA-EO14024,LNG Carrier,Russia,
CARL,9288851,UKRAINE-EO13662] [RUSSIA-EO14024,Crude Oil Tanker,Barbados,
ZALIV ANIVA,9418494,UKRAINE-EO13662] [RUSSIA-EO14024,Crude Oil Tanker,Panama,
REX 1,9219056,SDGT,Crude Oil Tanker,Panama,
ZENITH,9610781,UKRAINE-EO13662] [RUSSIA-EO14024,Crude Oil Tanker,Barbados,
HYPERION,9322968,UKRAINE-EO13662] [RUSSIA-EO14024,Chemical/Oil Tanker,Barbados,
PEGASUS,9276028,UKRAINE-EO13662] [RUSSIA-EO14024,Chemical/Oil Tanker,Barbados,
CEPHEUS,9299721,UKRAINE-EO13662] [RUSSIA-EO14024,Crude Oil Tanker,Panama,
SYMPHONY,9309588,UKRAINE-EO13662] [RUSSIA-EO14024,Chemical/Oil Tanker,Barbados,
PROXIMA,9329655,UKRAINE-EO13662] [RUSSIA-EO14024,Chemical/Oil Tanker,Barbados,
CLIO,9238052,UKRAINE-EO13662] [RUSSIA-EO14024,Crude Oil Tanker,Panama,
ATLAS,9413573,UKRAINE-EO13662] [RUSSIA-EO14024,Products Tanker,Barbados,
CRIUS,9251274,UKRAINE-EO13662] [RUSSIA-EO14024,Crude Oil Tanker,Panama,
CUP,9271327,UKRAINE-EO13662] [RUSSIA-EO14024,Crude Oil Tanker,Antigua & Barbuda,
CAPELLA,9341079,UKRAINE-EO13662] [RUSSIA-EO14024,Crude Oil Tanker,Barbados,
CASSIOPEIA,9341081,UKRAINE-EO13662] [RUSSIA-EO14024,Crude Oil Tanker,Barbados,
GALAXY,9826902,UKRAINE-EO13662] [RUSSIA-EO14024,Crude Oil Tanker,Barbados,
LEGACY,9339337,UKRAINE-EO13662] [RUSSIA-EO14024,Crude Oil Tanker,Barbados,
SI HE,9378618,UKRAINE-EO13662] [RUSSIA-EO14024,Products Tanker,Panama,
FREDA,9402469,UKRAINE-EO13662] [RUSSIA-EO14024,Crude Oil Tanker,Panama,
VANGUARD,9311622,UKRAINE-EO13662] [RUSSIA-EO14024,Crude Oil Tanker,Barbados,
VLADIMIR ARSENYEV,9901025,UKRAINE-EO13662] [RUSSIA-EO14024,Crude Oil Tanker,Panama,
VOYAGER,9843560,UKRAINE-EO13662] [RUSSIA-EO14024,Crude Oil Tanker,Barbados,
YURI SENKEVICH,9301419,UKRAINE-EO13662] [RUSSIA-EO14024,Crude Oil Tanker,Panama,
SURREY QUAYS,9350654,UKRAINE-EO13662] [RUSSIA-EO14024,Crude Oil Tanker,Panama,
HENG TAI,9419448,UKRAINE-EO13662] [RUSSIA-EO14024,Crude Oil Tanker,Panama,
THALIA III,9259197,UKRAINE-EO13662] [RUSSIA-EO14024,Crude Oil Tanker,Panama,
LELIA,9258870,SDGT,Crude Oil Tanker,Barbados,
ALEKSEY CHIRIKOV,9613551,UKRAINE-EO13662] [RUSSIA-EO14024,Supply Vessel,Russia,
GENNADIY NEVELSKOY,9742120,UKRAINE-EO13662] [RUSSIA-EO14024,Supply Vessel,Russia,
SCF ENDEAVOUR,9335678,UKRAINE-EO13662] [RUSSIA-EO14024,Supply Vessel,Russia,
KRISHNA 1,9271585,UKRAINE-EO13662] [RUSSIA-EO14024,Crude Oil Tanker,Panama,
WEI FENG,9388754,UKRAINE-EO13662] [RUSSIA-EO14024,Crude Oil Tanker,Panama,
ELINE,9292486,SDGT,Crude Oil Tanker,Barbados,
CELINE,9305609,SDGT,Crude Oil Tanker,Panama,
SCF ENDURANCE,9335680,UKRAINE-EO13662] [RUSSIA-EO14024,Supply Vessel,Russia,
SCF ENTERPRISE,9335692,UKRAINE-EO13662] [RUSSIA-EO14024,Supply Vessel,Russia,
HIMALAYAN,9392822,UKRAINE-EO13662] [RUSSIA-EO14024,Crude Oil Tanker,Panama,
JOEL,9198094,SDGT,Crude Oil Tanker,Palau,
CHLOE,9173745,SDGT,Crude Oil Tanker,Guyana,
HUI HAI ATLANTIC,9312872,UKRAINE-EO13662] [RUSSIA-EO14024,Crude Oil Tanker,Panama,
AKADEMIK GUBKIN,9842190,UKRAINE-EO13662] [RUSSIA-EO14024,Crude Oil Tanker,Russia,
SCF SAKHALIN,9307724,UKRAINE-EO13662] [RUSSIA-EO14024,Supply Vessel,Russia,
HUIHAI PACIFIC,9346732,UKRAINE-EO13662] [RUSSIA-EO14024,Crude Oil Tanker,Panama,
ROMINA,9114608,SDGT,Crude Oil Tanker,Iran,
DOBRYNYA,8730077,UKRAINE-EO13662] [RUSSIA-EO14024,Tug,Russia,
STEPAN MAKAROV,9753727,UKRAINE-EO13662] [RUSSIA-EO14024,Supply Vessel,Russia,
NURSULTAN NAZARBAYEV,9842217,UKRAINE-EO13662] [RUSSIA-EO14024,Crude Oil Tanker,Russia,
LOTUS,9203784,SDGT,Crude Oil Tanker,Iran,
LI BAI,9589750,UKRAINE-EO13662] [RUSSIA-EO14024,Crude Oil Tanker,Panama,
VYACHESLAV TIKHONOV,9538115,UKRAINE-EO13662] [RUSSIA-EO14024,Research Vessel,Russia,
OKEANSKY PROSPECT,9898254,UKRAINE-EO13662] [RUSSIA-EO14024,Crude Oil Tanker,Russia,
YEVGENY PRIMAKOV,9753741,UKRAINE-EO13662] [RUSSIA-EO14024,Supply Vessel,Russia,
RN AMUR,9653068,UKRAINE-EO13662] [RUSSIA-EO14024,Tug,Russia,
LYRA,9314088,UKRAINE-EO13662] [RUSSIA-EO14024,Crude Oil Tanker,Panama,
ZALIV AMURSKIY,9354313,UKRAINE-EO13662] [RUSSIA-EO14024,Crude Oil Tanker,Panama,
RN SAKHALIN,9650016,UKRAINE-EO13662] [RUSSIA-EO14024,Products Tanker,Russia,
MAKALU,9314105,UKRAINE-EO13662] [RUSSIA-EO14024,Crude Oil Tanker,Barbados,
RN USSURI,9653070,UKRAINE-EO13662] [RUSSIA-EO14024,Tug,Russia,
SVYATOY KNYAZ VLADIMIR,9678238,UKRAINE-EO13662] [RUSSIA-EO14024,Passenger,Russia,
MERMAR,9231212,UKRAINE-EO13662] [RUSSIA-EO14024,Crude Oil Tanker,Panama,
VALENTIN PIKUL,9885879,UKRAINE-EO13662] [RUSSIA-EO14024,Crude Oil Tanker,Russia,
VLADIMIR MONOMAKH,9842176,UKRAINE-EO13662] [RUSSIA-EO14024,Crude Oil Tanker,Russia,
BARON,9080493,SDGT,Chemical/Products Tanker,Guyana,
MERU,9187227,UKRAINE-EO13662] [RUSSIA-EO14024,Crude Oil Tanker,Sierra Leone,
VLADIMIR VINOGRADOV,9842188,UKRAINE-EO13662] [RUSSIA-EO14024,Crude Oil Tanker,Russia,
YARD NO.131040 ZVEZDA-DSME,9842205,UKRAINE-EO13662] [RUSSIA-EO14024,Crew/Supply Vessel,Russia,
YARD NO.131080 ZVEZDA-DSME,9908994,UKRAINE-EO13662] [RUSSIA-EO14024,Crude Oil Tanker,Russia,
MUM,9315446,UKRAINE-EO13662] [RUSSIA-EO14024,Crude Oil Tanker,Antigua and Barbuda,
RAMONA I,9233222,SDGT,Crude Oil Tanker,Guyana,
FEDOR USHAKOV,9753739,UKRAINE-EO13662] [RUSSIA-EO14024,Supply Vessel,Russia,
VITUS BERING,9613549,UKRAINE-EO13662] [RUSSIA-EO14024,Supply Vessel,Russia,
STAR 5,9150377,SDGT,Crude Oil Tanker,Iran,
ONYX,9236640,RUSSIA-EO14024,Crude/Oil Products Tanker,Gabon,
PRAVASI,9409467,RUSSIA-EO14024,Oil Products Tanker,Gabon,
OXIS,9224805,SDGT] [RUSSIA-EO14024,Crude Oil Tanker,Cameroon,
OCEAN 28,1021570,RUSSIA-EO14024,General Cargo,Panama,
MS ENOLA,9251951,IRAN-EO13902,Crude Oil Tanker,Djibouti,
VIGOR,9262156,IRAN-EO13846,Crude Oil Tanker,Panama,
MS ANGIA,9246281,IRAN-EO13902,Crude Oil Tanker,San Marino,
MS MELENIA,9302023,IRAN-EO13902,Crude Oil Tanker,Panama,
ALISSA,9273052,UKRAINE-EO13662] [RUSSIA-EO14024,Crude Oil Tanker,Gabon,
ARJUN,9297357,UKRAINE-EO13662] [RUSSIA-EO14024,Crude Oil Tanker,Panama,
AULIS,9233765,UKRAINE-EO13662] [RUSSIA-EO14024,Crude Oil Tanker,Panama,
CANGJIE,9299680,UKRAINE-EO13662] [RUSSIA-EO14024,Crude Oil Tanker,Cook Islands,
PROGRESS V,9316701,IRAN-EO13846,Crude Oil Tanker,Barbados,
SCORPIUS,9264893,IRAN-EO13846,Crude Oil Tanker,Barbados,
ELIZA II,9418078,IRAN-EO13846,Crude Oil Tanker,Panama,
AVITAL,9246279,IRAN-EO13846,Crude Oil Tanker,Cameroon,
SHUN TAI,9242223,UKRAINE-EO13662] [RUSSIA-EO14024,Crude Oil Tanker,Liberia,
KAPAL CANTIK,9224283,UKRAINE-EO13662] [RUSSIA-EO14024,Crude Oil Tanker,Cook Islands,
MERCURY,9321706,UKRAINE-EO13662] [RUSSIA-EO14024,Crude Oil Tanker,Gabon,
MOTI,9281011,UKRAINE-EO13662] [RUSSIA-EO14024,Crude Oil Tanker,Djibouti,
NANDA DEVI,9274434,UKRAINE-EO13662] [RUSSIA-EO14024,Crude Oil Tanker,Gabon,
NEVE,9224465,UKRAINE-EO13662] [RUSSIA-EO14024,Crude Oil Tanker,Panama,
PING AN,9378632,UKRAINE-EO13662] [RUSSIA-EO14024,Crude Oil Tanker,Panama,
MISTRAL 1,9257993,UKRAINE-EO13662] [RUSSIA-EO14024,Crude Oil Tanker,San Marino,
CH BILLION,9276585,IRAN-EO13902,Crude Oil Tanker,Panama,
YATEEKA,9191553,IRAN-EO13846,Chemical/Products Tanker,Gabon,
URGANE I,9231901,IRAN-EO13902,Crude Oil Tanker,Panama,
AMAK,9244635,IRAN-EO13846,Crude Oil Tanker,Eswatini,
MENG XIN,9271406,IRAN-EO13846,Crude Oil Tanker,Panama,
PHOENIX I,9236248,IRAN-EO13846,Crude Oil Tanker,Cook Islands,
GIOIOSA,9198082,SDGT,Crude Oil Tanker,Panama,
STAR FOREST,9237632,IRAN-EO13902,Crude Oil Tanker,Hong Kong,
CASINOVA,9280366,IRAN-EO13902,Crude Oil Tanker,Barbados,
LYDIA II,9365776,IRAN-EO13902,Crude Oil Tanker,Panama,
AYDEN,9365764,IRAN-EO13902,Crude Oil Tanker,Panama,
FIONA,9365752,IRAN-EO13902,Crude Oil Tanker,Panama,
ASTERIX,9181194,IRAN-EO13846,Crude Oil Tanker,Gambia,
VIOLET 1,9154000,IRAN-EO13846,Crude/Oil Products Tanker,Panama,
CHAMTANG,9212400,IRAN-EO13846,Crude/Oil Products Tanker,Panama,
PETERPAUL,9163269,IRAN-EO13846,Chemical/Products Tanker,Panama,
LEXI,9203277,IRAN-EO13902,Crude Oil Tanker,Cameroon,
LYDYA N,9153525,IRAN-EO13902,Crude Oil Tanker,Palau,
POLARIS 1,9272694,IRAN-EO13902,Chemical/Oil Tanker,Iran,
PEACE HILL,9288019,IRAN-EO13902,Crude Oil Tanker,Hong Kong,
SEASKY,9237412,IRAN-EO13902,Crude Oil Tanker,San Marino,
NESO,9257149,IRAN-EO13902,Crude Oil Tanker,PANAMA,
SHANNON II,9237797,IRAN-EO13902,Crude Oil Tanker,Barbados,
ITAUGUA,9102277,IRAN-EO13902,Crude Oil Tanker,Comoros,
BLUE GULF,9328716,IRAN-EO13902,Crude Oil Tanker,Palau,
CORONA FUN,9276573,IRAN-EO13902,Crude Oil Tanker,Panama,
MARINA VISION,8106109,IRAN-EO13846,Tug,Indonesia,
CELEBES,8710730,IRAN-EO13846,Tug,Indonesia,
MALILI,9179921,IRAN-EO13846,Tug,Indonesia,
MONTROSE,9281695,IRAN-EO13902,Crude Oil Tanker,San Marino,
VOLANS,9422988,IRAN-EO13902,Crude Oil Tanker,Barbados,
TITAN,9293741,IRAN-EO13902,Crude Oil Tanker,Unknown,
AM THESEUS,9720263,SDGT,Bulk Carrier,Russia,
NATALINA 7,9310147,IRAN-EO13902,Crude Oil Tanker,Comoros,
CATALINA 7,9310159,IRAN-EO13902,Crude Oil Tanker,Panama,
BRAVA LAKE,9232876,IRAN-EO13902,Crude Oil Tanker,Barbados,
VIOLA,9254915,IRAN-EO13902,Crude Oil Tanker,Panama,
AURORA RILEY,9181649,IRAN-EO13902,Crude Oil Tanker,Panama,
RESTON,9265744,IRAN-EO13902,Crude Oil Tanker,Cameroon,
AMOR,9182291,IRAN-EO13846,Crude Oil Tanker,Cameroon,
VIRGO,9236250,IRAN-EO13846,Crude Oil Tanker,Gambia,
GLOBAL ELEGANCE,9232955,IRAN-EO13902,Chemical/Oil Tanker,,
GLOBAL EMERALD,8982888,IRAN-EO13902,Products Tanker,Panama,
GLOBAL PEAK,9125712,IRAN-EO13902,Products Tanker,Panama,
GLOBAL RANI,9136113,IRAN-EO13902,Chemical/Oil Tanker,Palau,
GLOBAL STAR,9164500,IRAN-EO13902,Chemical/Oil Tanker,Panama,
GLOBAL ACE,9190078,IRAN-EO13902,Chemical/Oil Tanker,Panama,
GLOBAL EVEREST,9125724,IRAN-EO13902,Oil Products Tanker,Panama,
GLOBAL ANGEL,9311309,IRAN-EO13902,Oil Products Tanker,Panama,
GLOBAL FALCON,9399167,IRAN-EO13902,Chemical/Oil Tanker,Palau,
GLOBAL BEAUTY,9221267,IRAN-EO13902,Chemical/Products Tanker,Panama,
GLOBAL MAHARANI,9546708,IRAN-EO13902,Oil Products Tanker,Barbados,
GLOBAL DIGNITY,9309227,IRAN-EO13902,Chemical/Products Tanker,Panama,
GLORY STAR I,9463528,IRAN-EO13902,Oil Products Tanker,Panama,
HARMONY,9397030,IRAN-EO13902,Oil Products Tanker,Barbados,
GLOBAL EAGLE,9422847,IRAN-EO13902,Chemical/Products Tanker,Comoros,
GLOBAL HAWK,9422859,IRAN-EO13902,Chemical/Oil Tanker,,
OCEAN PRINCESS 1,8413306,IRAN-EO13902,Oil Products Tanker,Panama,
GLOBAL PEACE,9555199,IRAN-EO13902,Oil Products Tanker,Cook Islands,
CHIL 1,9171498,IRAN-EO13902,Chemical/Oil Tanker,Gambia,
GLOBAL CREST,9113094,IRAN-EO13902,Crude Oil Tanker,Panama,
GLOBAL ASPHALT,9005338,IRAN-EO13902,Oil Products Tanker,Panama,
GLOBAL DOMINANCE,9672301,IRAN-EO13902,Bunkering Tanker,Antigua & Barbuda,
MIRAGE,9254422,IRAN-EO13902,Chemical/Oil Tanker,Barbados,
GLOBAL GENESIS,9451501,IRAN-EO13902,Oil Products Tanker,,
LUANDA 1,9372705,IRAN-EO13902,Anchor Handling Vessel,Panama,
NADIYA,9118745,IRAN-EO13902,Oil Products Tanker,Panama,
PURNA,9176656,IRAN-EO13902,Oil Products Tanker,Gambia,
SIMRAN,9136644,IRAN-EO13902,Oil Products Tanker,Panama,
BESTLA,9295593,IRAN-EO13902,Crude Oil Tanker,Panama,
EGRET,9283801,IRAN-EO13902,Crude Oil Tanker,Panama,
RANI,9250907,IRAN-EO13902,Crude Oil Tanker,Panama,
NYANTARA,9242120,IRAN-EO13902,Crude Oil Tanker,Panama,
WHITE WHALE,9230426,SDGT,Crude/Oil Products Tanker,Panama,
SARAH,9014420,SDGT,LPG Tanker,Unknown,
MAISAN,9289776,SDGT,Products Tanker,Panama,
ELOISE,9233234,IRAN-EO13846,Crude Oil Tanker,Gabon,
THANE,9237228,IRAN-EO13902,Crude Oil Tanker,San Marino,
IMPALAS,9171448,IRAN-EO13902,Crude Oil Tanker,Sao Tome & Principe,
STAR TWINKLE 6,9256987,IRAN-EO13902,Crude Oil Tanker,Panama,
LAMD,9320843,IRAN-EO13902,Crude Oil Tanker,Panama,
SKADI,9230971,IRAN-EO13902,Crude Oil Tanker,Panama,
BIG MAG,9263215,IRAN-EO13902,Crude Oil Tanker,Panama,
BALU,9235244,SDGT,Floating Storage Tanker,Cameroon,
ROC,9275660,SDGT,Crude Oil Tanker,Panama,
THEMIS,9264570,IRAN-EO13902,Crude Oil Tanker,Panama,
FOTIS,9306548,IRAN-EO13902,LPG Tanker,Comoros,
VIZURI,9197909,IRAN-EO13902,Crude Oil Tanker,Cameroon,
HONESTAR,9187368,NPWMD] [IFSR,Bulk Carrier,Unknown,
BIANCA JOYSEL,9196632,IRAN-EO13902,Crude Oil Tanker,Panama,
ARES,9174397,IRAN-EO13902,Crude Oil Tanker,Cook Islands,
GIANT,9238868,IRAN-EO13902,Crude Oil Tanker,Hong Kong,
KONGM,9256975,IRAN-EO13902,Crude Oil Tanker,Panama,
ADELINE G,9234666,IRAN-EO13902,Crude Oil Tanker,Panama,
GAS MARYAM,9108099,SDGT,LPG Tanker,Palau,
ATILA,9262754,SDGT,Crude Oil Tanker,Cameroon,
ELIZABET,9216717,SDGT,Crude Oil Tanker,Cameroon,
DIJILAH,9829629,IRAN-EO13902,Crude Oil Tanker,Marshall Islands,
RIEVERIA I,9286229,IRAN-EO13846,Crude Oil Tanker,San Marino,
BATELEUR,9045807,IRAN-EO13846,LPG Tanker,Panama,
NEEL,9157478,IRAN-EO13846,LPG Tanker,Panama,
ARTEMIS III,9102241,IRAN-EO13846,Crude Oil Tanker,Honduras,
VALENTE,9298272,SDGT,Crude Oil Tanker,Palau,
ATLANTIS MZ,9218181,SDGT,Crude Oil Tanker,Unknown,
TRIS GAS,9041655,IRAN-EO13902,LPG Tanker,Cameroon,
XANTE,9554834,IRAN-EO13902,Asphalt/Bitumen Tanker,Panama,
YUG,9288875,IRAN-EO13902,Crude Oil Tanker,Comoros,
ZALE,9321718,IRAN-EO13902,Crude Oil Tanker,Panama,
URANUS,9248485,IRAN-EO13902,Crude Oil Tanker,Tanzania,
TAGOR,9282481,IRAN-EO13902,Crude Oil Tanker,Panama,
ABHRA,9282041,IRAN-EO13902,Crude Oil Tanker,Panama,
APATE,9433016,IRAN-EO13902,Oil Products Tanker,Panama,
NEMRUT,9439541,IRAN-EO13902,Crude Oil Tanker,Liberia,
OMNI,9400980,IRAN-EO13902,Crude Oil Tanker,Panama,
AETHER,9328170,IRAN-EO13902,Crude Oil Tanker,Panama,
TOA PAYOH,9298492,IRAN-EO13902,Chemical/Oil Tanker,Panama,
BRIONT,9252955,IRAN-EO13902,Chemical/Oil Tanker,Panama,
MANASLU,9388027,IRAN-EO13902,Chemical/Oil Tanker,Panama,
TASSOS,9408695,IRAN-EO13902,Crude Oil Tanker,Liberia,
CHARMINAR,9318022,IRAN-EO13902,Chemical/Oil Tanker,Panama,
EVENTIN,9308065,IRAN-EO13902,Crude Oil Tanker,Unknown,
SIMBA,9719862,IRAN-EO13902,Container Ship,Liberia,
STAR,9436484,IRAN-EO13902,Container Ship,Liberia,
TEX,9246322,IRAN-EO13902,Container Ship,Liberia,
TIMON,9415844,IRAN-EO13902,Container Ship,Liberia,
YOGI,9307009,IRAN-EO13902,Container Ship,Liberia,
ZAGOR,9313242,IRAN-EO13902,Container Ship,Liberia,
VANI,9264881,IRAN-EO13902,Crude Oil Tanker,San Marino,
ELKE,9012886,IRAN-EO13902,LPG Tanker,Palau,
DHANU,9122473,IRAN-EO13902,Container Ship,St. Kitts and Nevis,
AEOLUS,9088524,IRAN-EO13902,Container Ship,Liberia,
CERUS,9259408,IRAN-EO13902,Container Ship,St. Kitts and Nevis,
ACE,9228538,IRAN-EO13902,Container Ship,St. Vincent and Grenadines,
ROB,9236652,IRAN-EO13902,Container Ship,Liberia,
GAUJA,9348493,IRAN-EO13902,Container Ship,Panama,
TB ANPING,9237084,IRAN-EO13902,Container Ship,Liberia,
IRIS,9247778,IRAN-EO13902,Crude Oil Tanker,Palau,
YODAN,9304356,IRAN-EO13902,Crude Oil Tanker,Vanuatu,
ETHERA,9387279,IRAN-EO13902,Chemical/Oil Tanker,Panama,
MISHELL,9332315,IRAN-EO13902,Chemical/Products Tanker,Panama,
MYRA,9336490,IRAN-EO13902,Oil Products Tanker,Panama,
BIGLI,9307047,IRAN-EO13902,Container Ship,Liberia,
BERTIE,9241487,IRAN-EO13902,Container Ship,Liberia,
ANTARES I,9382073,IRAN-EO13902,Oil Products Tanker,Liberia,
GUANYIN,9299707,IRAN-EO13902,Crude Oil Tanker,Liberia,
IANTHE,9554822,IRAN-EO13902,Asphalt/Bitumen Tanker,Panama,
KANTI,9282106,IRAN-EO13902,LPG Tanker,San Marino,
MAHADEV,9571052,IRAN-EO13902,Asphalt/Bitumen Tanker,Palau,
KYLO,9189146,IRAN-EO13902,Crude Oil Tanker,Comoros,
ALE,9303754,IRAN-EO13902,Container Ship,Liberia,
HAKUNA MATATA,9354167,IRAN-EO13902,Container Ship,Liberia,
LIDIA,9330501,IRAN-EO13902,Container Ship,Liberia,
MOANA,9292151,IRAN-EO13902,Container Ship,Liberia,
PINOCCHIO,9400112,IRAN-EO13902,Container Ship,Liberia,
PUMBA,9302566,IRAN-EO13902,Container Ship,Liberia,
RANTANPLAN,9307023,IRAN-EO13902,Container Ship,Liberia,
SEATURBO,9204764,IRAN-EO13846,Crude Oil Tanker,Comoros,
TRUGEN,9200861,IRAN-EO13846,Oil Products Tanker,Comoros,
SEABASS,9251640,IRAN-EO13846,Oil Products Tanker,Comoros,
SEAHAKER,9255488,IRAN-EO13846,Oil Products Tanker,Comoros,
ZEAL,9486805,IRAN-EO13846,Oil Products Tanker,Gabon,
MOLLY,9531375,IRAN-EO13846,Chemical/Oil Tanker,Comoros,
SOFIA,9531387,IRAN-EO13846,Chemical/Oil Tanker,Comoros,
COURAGE 7,9553957,IRAN-EO13846,Asphalt/Bitumen Tanker,Gabon,
TIFANI,9273337,IRAN-EO13846,Crude Oil Tanker,Palau,
TONDA SOURCE,9127667,IRAN-EO13846,Chemical/Oil Tanker,Panama,
ADENA,9254862,IRAN-EO13902,Crude Oil Tanker,Liberia,
LILIANA,9297905,IRAN-EO13902,Crude Oil Tanker,Liberia,
CAMILLA,9254850,IRAN-EO13902,Crude Oil Tanker,Liberia,
DELFINA,9256248,IRAN-EO13902,Crude Oil Tanker,Liberia,
BIANCA,9259927,IRAN-EO13902,Chemical/Products Tanker,Liberia,
ROBERTA,9237008,IRAN-EO13902,Oil Products Tanker,Liberia,
ALEXANDRA,9273260,IRAN-EO13902,Crude Oil Tanker,Liberia,
BELLAGIO,9299446,IRAN-EO13902,Chemical/Products Tanker,Liberia,
PAOLA,9299458,IRAN-EO13902,Chemical/Products Tanker,Liberia,
KATSUYA,9178068,IRAN-EO13902,Oil Products Tanker,Gambia,
VICTORY ARI,9290919,IRAN-EO13902,Chemical/Oil Tanker,Antigua and Barbuda,
SONDOS,9268186,IRAN-EO13902,Chemical/Oil Tanker,Antigua and Barbuda,
LAFIT,9379698,IRAN-EO13902,Crude Oil Tanker,Sao Tome & Principe,
STAR MM,9186625,SDGT,Crude Oil Tanker,Antigua and Barbuda,
NOBEL M,9228784,SDGT,Chemical/Oil Tanker,Barbados,
SHRIA,9179347,SDGT,Chemical/Oil Tanker,Antigua and Barbuda,
BLACK ROCK,9196448,SDGT,Chemical/Oil Tanker,Panama,
APS 9,9360001,IRAN-EO13902,Tug,Singapore,
VOY,9222443,IRAN-EO13902,Crude Oil Tanker,Sao Tome and Principe,
MADESTAR,9289726,IRAN-EO13902,Crude Oil Tanker,Panama,
PIONEER 92,9340934,IRAN-EO13902,Tug,Mongolia,
PURDUE STELLAR,9275658,IRAN-EO13902,Crude Oil Tanker,Hong Kong,
SEA OPERA,9000883,IRAN-EO13902,LPG Tanker,Cameroon,
TULIP,8912558,IRAN-EO13902,LPG Tanker,Cameroon,
GAS MARTA,9307748,IRAN-EO13902,LPG Tanker,Palau,
ADA,9008108,IRAN-EO13902,LPG Tanker,Comoros,
SEA HERMES,9031519,IRAN-EO13902,LPG Tanker,Palau,
GAS LEADER,9114581,IRAN-EO13902,LPG Tanker,Gambia,
GAS VISION,9115303,IRAN-EO13902,LPG Tanker,Gambia,
PAMIR,9208239,IRAN-EO13902,LPG Tanker,Comoros,
SAPPHIRE GAS,9320738,IRAN-EO13902,LPG Tanker,Panama,
NEPTA,9013701,IRAN-EO13902,LPG Tanker,Comoros,
GAS ZEINA,8818843,IRAN-EO13902,LPG Tanker,Gambia,
SIREN II,9337195,IRAN-EO13902,Crude Oil Tanker,Hong Kong,
SONA,9005053,IRAN-EO13902,LPG Tanker,Gambia,
SULLANA,9180152,IRAN-EO13902,Crude Oil Tanker,Comoros,
VITA I,9241114,IRAN-EO13902,Crude Oil Tanker,Panama,
GALE,9294240,IRAN-EO13902,Crude Oil Tanker,Gambia,
GAS DIOR,9379404,IRAN-EO13902,LPG Tanker,Panama,
MAX STAR,9134165,IRAN-EO13902,LPG Tanker,Palau,
PK MARIT,9235464,IRAN-EO13846,Chemical/Products Tanker,Cook Islands,
TRIMA,9252072,IRAN-EO13846,Chemical/Products Tanker,Cook Islands,
PK PHOENIX,9326902,IRAN-EO13846,Chemical/Products Tanker,Panama,
HAI LONG BRAVO,9312353,IRAN-EO13846,General Cargo,Panama,
LOANNA,9251884,IRAN-EO13846,Chemical/Products Tanker,Palau,
WORLD COURAGE,9289740,IRAN-EO13846,Chemical/Products Tanker,Panama,
WORLD PROGRESS,9300996,IRAN-EO13846,Chemical/Products Tanker,Cook Islands,
WORLD PERFORMANCE,9301005,IRAN-EO13846,Chemical/Products Tanker,Cook Islands,
TETHIS 7,9251896,IRAN-EO13846,Chemical/Products Tanker,Palau,
THANASIS,9239989,IRAN-EO13846,Chemical/Products Tanker,Palau,
WHITE CRANE,9323429,VENEZUELA-EO13850,Crude Oil Tanker,Panama,
PIONEER SAM,9232620,IRAN-EO13902,Crude Oil Tanker,Palau,
TUSITALA,8912546,IRAN-EO13902,LPG Tanker,Gambia,
NEXO,9014456,IRAN-EO13902,LPG Tanker,Gambia,
KAISA I,9038763,IRAN-EO13902,LPG Tanker,Panama,
GAS ATHENA,9267950,IRAN-EO13902,LPG Tanker,Panama,
AL SIDDEEQ,9312509,IRAN-EO13846,Crude Oil Tanker,Panama,
AVA 10,9247986,IRAN-EO13846,Crude Oil Tanker,Comoros,
BODHI,9144782,IRAN-EO13846,Crude Oil Tanker,Cameroon,
AQUARIS,9251822,IRAN-EO13846,Crude Oil Tanker,Panama,
GOLDEN EAGLE,9255684,IRAN-EO13902,Crude Oil Tanker,Unknown,
KURDOS,9236731,IRAN-EO13902,Chemical/Products Tanker,Palau,
KASSIA,9409986,IRAN-EO13902,Chemical/Products Tanker,Panama,
MAJESTY,9430715,IRAN-EO13902,Chemical/Products Tanker,Cook Islands,
KURDOS II,9453729,IRAN-EO13902,Chemical/Products Tanker,Palau,
KURDOS III,9380570,IRAN-EO13902,Chemical/Products Tanker,Palau,
NOMIKI,9242443,IRAN-EO13902,Chemical/Products Tanker,Panama,
MARUTI,9546710,IRAN-EO13902,Products Tanker,Cook Islands,
SKYLIGHT,9330020,IRAN-EO13902,Chemical/Products Tanker,Palau,
KHADIGA,9321469,IRAN-EO13902,Chemical/Products Tanker,Palau,
M K A,9269403,IRAN-EO13902,Chemical/Products Tanker,Cook Islands,
AUROURA,9262912,IRAN-EO13902,Oil Products Tanker,Panama,
H. CONSTANCE,9237773,VENEZUELA-EO13850,Crude Oil Tanker,Panama,
LATTAFA,9245794,VENEZUELA-EO13850,Crude Oil Tanker,Panama,
TAMIA,9315642,VENEZUELA-EO13850,Crude Oil Tanker,Hong Kong,
MONIQUE,9311270,VENEZUELA-EO13850,Crude Oil Tanker,Cook Islands,
AETHER SAIL,9277371,IRAN-EO13902,Chemical/Products Tanker,Palau,
NEBULA DRIFT,9233973,IRAN-EO13902,Products Tanker,Palau,
VOYAGER HAVEN,9271896,IRAN-EO13902,Chemical/Products Tanker,Panama,
TIDAL RHYTHM,9297101,IRAN-EO13902,Asphalt/Bitumen Tanker,Panama,
ARIHANT,9464156,IRAN-EO13902,Products Tanker,Palau,
RAMYA,9363182,IRAN-EO13902,Chemical/Products Tanker,Barbados,
FOSHAN,9404572,IRAN-EO13902,Chemical/Products Tanker,Panama,
HEMERA,9263954,IRAN-EO13902,Asphalt/Bitumen Tanker,Palau,
SEA CITRINE VI,9207273,IRAN-EO13902,Products Tanker,Palau,
SEA WISE,9224570,IRAN-EO13902,Products Tanker,Palau,
SEAMULL,9204776,IRAN-EO13902,Products Tanker,Palau,
SEA ROCK,9140451,IRAN-EO13902,Products Tanker,,
FLORA DOLCE,9258595,IRAN-EO13902,Chemical/Products Tanker,Barbados,
DIANA,9255945,IRAN-EO13902,Crude Oil Tanker,Jamaica,
J M A,9246487,IRAN-EO13902,Oil Products Tanker,Cook Islands,
S M A,9273002,IRAN-EO13902,Asphalt/Bitumen Tanker,Cook Islands,
INTAN PREMIER,9358802,IRAN-EO13902,Chemical/Products Tanker,Palau,
NORD STAR,9323596,VENEZUELA-EO13850,Crude Oil Tanker,Panama,
ALBARRAQ Z,9252943,SDGT,Crude Oil Tanker,Unknown,
DELLA,9227479,VENEZUELA-EO13850,Crude Oil Tanker,Hong Kong,
VALIANT,9409247,VENEZUELA-EO13850,Crude Oil Tanker,Hong Kong,
ROSALIND,9277735,VENEZUELA-EO13850,Oil Products Tanker,Guinea,
SEA BIRD,9088536,IRAN-EO13902,LPG Tanker,Palau,
AVON,9034705,IRAN-EO13902,LPG Tanker,Comoros,
AL DIAB II,9053816,IRAN-EO13902,LPG Tanker,Palau,
NIBA,9046784,IRAN-EO13902,LPG Tanker,Palau,
LUMA,9034690,IRAN-EO13902,LPG Tanker,Vanuatu,
CESARIA,9251602,IRAN-EO13902,Crude Oil Tanker,Palau,
LONGEVITY 7,9240885,IRAN-EO13902,Chemical/Products Tanker,Unknown,
EASTERN HERO,9353905,IRAN-EO13902,Chemical/Products Tanker,Palau,
AQUA SPIRIT,9197727,IRAN-EO13902,LPG Tanker,Panama,
CHIRON 5,9306665,IRAN-EO13902,Products Tanker,Comoros,
KEEL,9176929,IRAN-EO13902,Shuttle Tanker,Comoros,
GAZ CRYSTAL,9318618,IRAN-EO13846,LPG Tanker,Panama,
GAS RIVER,9369760,IRAN-EO13846,LPG Tanker,Panama,
AQUA LIVE,9282792,IRAN-EO13846,Crude Oil Tanker,Aruba,
FORTUNE GAS,9471123,IRAN-EO13846,LPG Tanker,Panama,
YONGHENG OCEAN,9234472,IRAN-EO13846,Chemical/Oil Tanker,Barbados,
VICSCENE,9290775,IRAN-EO13846,Crude Oil Tanker,Barbados,
ZEVS,9168946,IRAN-EO13846,Crude Oil Tanker,Cameroon,
OCEAN GUARDIAN,9267948,IRAN-EO13846,Oil Products Tanker,Panama,
WHITE SHARK,9155626,IRAN-EO13846,LPG Tanker,San Marino,
AL SAFA,9222649,IRAN-EO13846,Oil Products Tanker,Panama,
VETER,9233739,IRAN-EO13846,Crude Oil Tanker,Cameroon,
BENLAI,9312494,IRAN-EO13846,Crude Oil Tanker,Barbados,
RAYYAN GAS,9133109,IRAN-EO13846,LPG Tanker,Palau,
BENEDICT,9293155,IRAN-EO13846,Crude Oil Tanker,Cameroon,
LARA,9221475,SDGT,General Cargo,St. Kitts & Nevis,
BRILLIANCE,9450715,SDGT,Bulk Carrier,Panama,
SILVAR,9291262,IRAN-EO13902,Crude Oil Tanker,Cameroon,
DAPHNE V,9321677,IRAN-EO13902,Crude Oil Tanker,Panama,
ANAYA,9326885,IRAN-EO13902,Oil Products Tanker,Panama,
VERSA,9379301,IRAN-EO13902,Crude Oil Tanker,Panama,
HORAE,9413004,IRAN-EO13902,Crude Oil Tanker,Panama,
AURA,9274563,IRAN-EO13902,LPG Tanker,Mozambique,
CAUVERI,9282508,IRAN-EO13902,Crude Oil Tanker,Cameroon,
ATEELA 1,9548990,IRAN-EO13902,Products Tanker,Iran,
ATEELA 2,9549009,IRAN-EO13902,Products Tanker,Iran,
HOOT,9267962,IRAN-EO13902,LPG Tanker,Panama,
REMIZ,9223344,IRAN-EO13902,Crude Oil Tanker,Panama,
DANUTA I,9193721,IRAN-EO13902,LPG Tanker,Palau,
ALAA,9155341,IRAN-EO13902,LPG Tanker,Palau,
GAS FATE,9147394,IRAN-EO13902,LPG Tanker,Panama,
OCEAN KOI,9255933,IRAN-EO13902,Crude Oil Tanker,Barbados,
NORTH STAR,9299563,IRAN-EO13902,Crude Oil Tanker,Barbados,
FELICITA,9167162,IRAN-EO13902,Crude Oil Tanker,Comoros,
BELLARIS,9332614,IRAN-EO13902,Oil Products Tanker,Panama,
ANIKA,9417464,IRAN-EO13902,Crude/Oil Products Tanker,Panama,
MIRAAN,9242481,IRAN-EO13902,Oil Products Tanker,Comoros,
BANGUS,9308998,IRAN-EO13902,Crude/Oil Products Tanker,Barbados,
GALVIN,9387762,IRAN-EO13902,LPG Tanker,Panama,
HH GLORY,9534614,IRAN-EO13902,LPG Tanker,Panama,
LIN 9,9240158,IRAN-EO13902,LPG Tanker,Antigua & Barbuda,
LISBOA,9257711,IRAN-EO13902,Chemical/Oil Tanker,Panama,
LPG SEVAN,9177806,IRAN-EO13902,LPG Tanker,Panama,
LYNN,9352559,IRAN-EO13902,Crude Oil Tanker,Hong Kong,
GLOBAL VIVIAN,9002908,IRAN-EO13902,LPG Tanker,Panama,
ANSHUN II,9253117,IRAN-EO13902,Crude Oil Tanker,Panama,
SMD WORLD,9290086,IRAN-EO13902,Crude Oil Tanker,Panama,
EDOR,9259317,IRAN-EO13902,Crude Oil Tanker,Marshall Islands,
BENTLEY,9220914,IRAN-EO13902,Chemical/Oil Tanker,Cook Islands,
COVENIO,9263227,IRAN-EO13902,Crude Oil Tanker,Panama,
GOLDEN SUNRISE,9183362,IRAN-EO13902,Crude Oil Tanker,Comoros,
ZHEN ZHU,9290359,IRAN-EO13902,Crude Oil Tanker,Barbados,
MAGNOLIA,9258519,IRAN-EO13902,Crude Oil Tanker,Hong Kong,
STELLAR BEVERLY,9208069,IRAN-EO13902,Crude Oil Tanker,Mozambique (False),
SEEKER 8,9294329,IRAN-EO13902,Crude Oil Tanker,Vanuatu,
NEW FUSION,9277723,IRAN-EO13846,Oil Products Tanker,Panama,
FEADSHIP,9322279,IRAN-EO13902,Crude Oil Tanker,Vanuatu,
VASLATI,9252333,IRAN-EO13902,Crude Oil Tanker,Cameroon,
DAKUSH,9278698,IRAN-EO13902,Chemical/Products Tanker,Cook Islands,
GALA ROSE,9126015,IRAN-EO13902,Chemical/Oil Tanker,Hong Kong,
TEJAS,9326067,IRAN-EO13902,Crude Oil Tanker,Panama,
GREAT SAIL,9177583,IRAN-EO13902,LPG Tanker,Barbados,
OCEAN WAVE,9387152,IRAN-EO13902,Products Tanker,Palau,
LUNA LUSTER,9292187,IRAN-EO13902,Crude Oil Tanker,Sierra Leone,
SWIFT FALCON,9246803,IRAN-EO13902,Chemical/Oil Tanker,Panama,
MIGHTY NAVIGATOR,9206396,IRAN-EO13902,LPG Tanker,Hong Kong,
MIDAS,9266841,IRAN-EO13902,Crude Oil Tanker,Panama,
GAS ENDURANCE,9240419,IRAN-EO13902,LPG Tanker,Gabon,
OCEAN RADIANCE,9194969,IRAN-EO13902,LPG Tanker,Palau,
QUANTUM STAR,9225342,IRAN-EO13902,LPG Tanker,Panama,
GAS STRENGTH,9172636,IRAN-EO13902,LPG Tanker,Gabon,
BRIGHT GOLD,9171503,IRAN-EO13902,Chemical/Oil Tanker,Panama,
DOUBLE IN,8917807,IRAN-EO13902,LPG Tanker,San Marino,
NARSIS,9408358,IRAN-EO13902,Chemical/Oil Tanker,Cameroon,
G JADES,9131096,IRAN-EO13902,LPG Tanker,Comoros,
MAYMEI,9133082,IRAN-EO13846,Chemical/Products Tanker,Palau,
FLORA,9133070,IRAN-EO13846,Chemical/Oil Tanker,Marshall Islands,
THEA,9298284,IRAN-EO13846,Crude Oil Tanker,Panama,
ILL GAP,9294305,IRAN-EO13846,Crude Oil Tanker,Panama,
YONGAN OCEAN,9288758,IRAN-EO13846,Chemical/Products Tanker,Panama,
HAUNCAYO,9180164,IRAN-EO13846,Crude Oil Tanker,Comoros,
GAS NORA,8813116,IRAN-EO13846,LPG Tanker,San Marino,
RCELEBRA,9286073,IRAN-EO13846,Crude Oil Tanker,Cameroon,
MD 23,9158240,IRAN-EO13902,LPG Tanker,Palau,
GLENDALE,9139945,IRAN-EO13902,LPG Tanker,Panama,
AMIR GAS,9167409,IRAN-EO13902,LPG Tanker,St. Kitts and Nevis,
GAS LAGOON,9386304,IRAN-EO13902,LPG Tanker,Panama,
MILE,8910897,IRAN-EO13902,LPG Tanker,Panama,
GAZ GMS,9131539,IRAN-EO13902,LPG Tanker,Panama,
SEPEHR PAYAM,9110535,IRAN-EO13902,Container Ship,Iran,
ERIKA,8721454,IRAN-EO13902,General Cargo,Iran,
ARKANOOR 2,8727848,IRAN-EO13902,General Cargo,Iran,
ARKANOOR 3,8832083,IRAN-EO13902,General Cargo,Iran,
SEA CRUISER,8729963,IRAN-EO13902,General Cargo,Unknown,
SEA CASTLE,8891572,IRAN-EO13902,General Cargo,Unknown,
SEA ANCHOR,8858099,IRAN-EO13902,General Cargo,Unknown,
CICCIO,9192442,IRAN-EO13902,Container Ship,Antigua & Barbuda,
SHENTON WAY,9146314,IRAN-EO13902,Container Ship,Panama,
TANJONG PAGAR 1,9404508,IRAN-EO13902,Container Ship,Panama,
VIRENT,9332171,IRAN-EO13902,Chemical/Oil Tanker,Panama,
HOPE 1,9514339,IRAN-EO13902,Bulk Carrier,Antigua and Barbuda,
JADE,9418999,IRAN-EO13902,General Cargo,Antigua and Barbuda,
OPAL,9467158,IRAN-EO13902,General Cargo,Antigua and Barbuda,
ELPINIKI,9606015,IRAN-EO13902,General Cargo,Barbados,
DARIKA,9506693,IRAN-EO13902,Chemical/Oil Tanker,Panama,
GEMMA,9509097,IRAN-EO13902,General Cargo,Palau,
NADIA,9122461,IRAN-EO13902,Container Ship,St Kitts & Nevis,
SEA GALLEON,8843666,IRAN-EO13902,General Cargo,Unknown,
PAYA LEBAR,9134232,IRAN-EO13902,Container Ship,Antigua & Barbuda,
WELL SAIL,9321938,IRAN-EO13902,Chemical/Products Tanker,Marshall Islands,
NATSUMI,9331244,IRAN-EO13902,Crude Oil Tanker,Barbados,
NIRETA,9237785,IRAN-EO13902,Crude Oil Tanker,Vanuatu,
CRYSTAL,9223887,IRAN-EO13902,Crude Oil Tanker,Vanuatu,
YEHOPE,9243320,IRAN-EO13902,Crude Oil Tanker,Barbados,
LILY,9294331,IRAN-EO13902,Crude Oil Tanker,Mozambique,
AL SALMI,9298296,IRAN-EO13902,Crude Oil Tanker,Unknown,
BREEZE V,9259355,IRAN-EO13902,Crude Oil Tanker,Barbados,
SIFRA,9185346,IRAN-EO13902,LPG Tanker,Botswana False,
G SILVER,9139696,IRAN-EO13902,LPG Tanker,Cameroon,
QUANTUM HOPE,9233650,IRAN-EO13902,Crude Oil Tanker,Vanuatu,
VOYAGE ELITE,9286138,IRAN-EO13902,Crude Oil Tanker,Gambia,
TELA,9189110,IRAN-EO13902,Crude Oil Tanker,Gambia,
TODOS VUELVEN,,ILLICIT-DRUGS-EO14059,Fishing Vessel,Ecuador,
ARCA DE NOE III,,ILLICIT-DRUGS-EO14059,Fishing Vessel,Ecuador,
ARCA DE NOE III JR,8456035,ILLICIT-DRUGS-EO14059,Fishing Vessel,Ecuador,
ARCA DE NOE IV,,ILLICIT-DRUGS-EO14059,Fishing Vessel,Ecuador,
ARCA DE NOE V,,ILLICIT-DRUGS-EO14059,Fishing Vessel,Ecuador,
REY DE ARCA,,ILLICIT-DRUGS-EO14059,Fishing Vessel,Ecuador,
SIEMPRE MI ARCA,8555518,ILLICIT-DRUGS-EO14059,Fishing Vessel,Ecuador,
CONQUISTA,,ILLICIT-DRUGS-EO14059,Fishing Vessel,Ecuador,
SOLO ES MEJOR,,ILLICIT-DRUGS-EO14059,Fishing Vessel,Ecuador,
COSTA MARLIN,,ILLICIT-DRUGS-EO14059,Fishing Vessel,Ecuador,
STAR PIONE,9389019,IRAN-EO13846,Crude Oil Tanker,Barbados,
